Project Priority (picklist),Real Estate POC,Project Alt.Name,Project Status,MDG Location ID,FUZE Project ID,Real Estate Released (F),Build Plan Year,Build Plan Year Status,Structure Owner (GL),Tower Owner Site ID,(Temp) Structure Owner,Real Estate Completed (REC) Milestone (F),Real Estate Completed (REC) Milestone (A),Tenant Ready (F),Rent Savings,RE Gating Item,Real Estate Notes,BTS RTIN Sent (F),BTS RTIN Sent (A),BTS Construction Started (F),BTS Construction Started (A),RTB (MIK),Make Ready Required,Make Ready (F),Make Ready (A),PM NTP (GL) (F),PM NTP (GL) (A),Tower Mod Required,Tower Mod Cost,Tower Mod Cost Approved,Tower Mod Cost Estimate,Tower Mod Completed,Project On Hold,Real Estate Released (A),Decom Scope,Location Dependent Sites,Exhaust Progress (MIK),SAQ Vendor Exhaust Date ,BTS Vendor,Vendor Site Acquisition,Vendor Site Acquisition Company,Build Type (GL),Honey Badgers Project Build Type,Project Build Type (MIK),Candidate Submitted (F),SCIP High Cost,SCIP High Cost Review,Candidate Submitted (A),Candidate Accepted (A),RF Accepted and Ranked (F),RF Accepted and Ranked (A),Candidate Selection Milestone (A),Submit RFDS Completed (F),RFDS Change Request (A),RFDS Change Notes,RFDS Change Approve/Reject,Submit RFDS Completed (A),Project EE Last Submitted Date,RFDS reviewed by EE,BOM Completed (A),CoLo App Submitted (F),CoLo App Submitted (A),HRR HQ Rent Approval,HRR Cost Approved Status,Ground Lease Executed (F),Ground Lease Executed (A),AE Site Walk (F),AE Site Walk (A),1a/2c Received (F),1a/2c Received (A),1A/2C Survey Completed (F),1A/2C Survey Completed (A),BTS NEPA Ordered (F),BTS NEPA Ordered (A),BTS NEPA Completed (F),BTS NEPA Completed (A),Geotech Ordered (F),Geotech Ordered (A),Geotech Completed (F),Geotech Completed (A),Tower &  Foundation Drawings (F),Tower &  Foundation Drawings (A),Mount Structural NTP,Mount Structural Ordered (F),Mount Structural Ordered (A),Mount Structural Received (F),Mount Structural Received (A),Mount Structural Result,Tower Envelope (inches).,Structural Analysis Received (A),Structural Analysis Result,BTS Phase 1 Ordered (F),BTS Phase 1 Ordered (A),BTS Phase 1 Completed (F),BTS Phase 1 Completed (A),Environmental Due Diligence Milestone (A),Environmental Due Diligence Milestone Finalized,Environmental Due Diligence Milestone Status,Environmental Compliance Rejection Date,NTC Required,Vendor Construction General Contractor Company,Vendor Construction General Contractor,Generator Required?,Generator Fuel Type,SLA Lease Executed (F),SLA Lease Executed (A),Lease Fully Executed (A),Prelim CDs Submitted for Approval (F),Prelim CDs Submitted for Approval (A),CD Slip Sheet (F),CD Slip Sheet (A),Final CDs Received (F),Final CDs Received (A),Final CDs Approved (A),Regulatory Construction Milestone (A),Generator Permit Required,Generator Permit NTP,Generator Permit Received (F),Generator Permit Received (A),Transport Vendor,Transport Awarded (A),TESS Status,Transport Delivery Completed (F),Transport Delivery Completed (A),Transport Delivery Status,Regulatory Construction Milestone Finalized,Regulatory Construction Milestone Status,NEPA/Ground Only Approved Status,NEPA/Special conditions notes,Zoning Required,Zoning Filed (A),Zoning Approved (A),Permit Requirements,All Permits Approved [REC] (F),All Permits Applied [REC] (A),All Permits Approved [REC] (A),Confirm E911 Address Completed (A),Power Delivered (F),Power Delivered (A),HQ High Rent Identified,Batch Release,Dismantle Current Term End,Dismantle LL Alias,DECOM Site Name,Dismantle Contract #,Dismantle MDG Location ID,Dismantle LL GL Location,Dismantle Site Latitude,Dismantle Site Longitude,HRR Dismantle LL Annual Rent,HRR Dismantle LL Monthly Rent,Project Manager,Real Estate Manager,Real Estate Manager Email,Real Estate POC Email,Real Estate Specialist,Real Estate Specialist Email,Real Estate Specialist (Secondary),Real Estate Specialist (Secondary) Email,Regulatory Specialist,Regulatory Specialist Email,Regulatory Specialist (Secondary),Regulatory Specialist (Secondary) Email,RF Engineer,RF Engineer (Secondary),System Performance Engineer,System Performance Engineer Email,System Performance Engineer (Secondary),System Performance Engineer (Secondary) Email,Construction Engineer,Equipment Engineer,Transport Engineer,Transport Project Manager,Vendor AE Company,Vendor Antenna Mount Structural Company,Vendor Environmental Consultant Company,Vendor NEPA Company,Sarf Centerline(ft.),Sarf Radius,Sarf County,Scope of Project,Site ID,Site Candidate Type,Site Name,Budget Code,POR Year,Site Latitude,Site Longitude,Site E911 Address Line 1,City,State,County,Site PSLC,Zip,Project Started Milestone (A),WBS Project Numbers,GL RF Active Pipeline - Project Level,GL RF Priority - Project Level,GL RF Project Category,GL RF Sub Priority - Project Level,GL RF Category ,GL RF Priority,GL RF Sub Priority,POR Status,Tillman Opportunity Type,PM POR Initiatives,Activation With/Risk,PM Project Category,Vendor Construction General Contractor Vendor ID
,Parker Kenneth,LV LIBERTY RELHR,Active,5000982296,17701015,06/03/2027,2027,,,Liberty G,Harmoni,06/03/2027,,06/03/2027,,,,,,04/12/2027,,,,07/30/2027,,,,,,,,,,,,,Completed,,Harmoni Tower,"Rodrigues Crystal,Smith Emily","HARMONI TOWERS LLC, TELECAD WIRELESS SITE DESIGN INC",Build to Colocate,COLO,Build to Colocate,05/11/2026,,,05/11/2026,05/11/2026,,05/11/2026,05/11/2026,,,,,05/13/2026,05/19/2026,05/19/2026,05/19/2026,,,Yes,HRR Cost Approved,07/24/2026,,07/09/2026,,08/10/2026,,09/11/2026,,08/14/2026,,12/14/2026,,11/30/2026,,01/12/2027,,01/28/2027,,,,,,,,,,,07/09/2026,,08/10/2026,,,,ACTIVE,,,,,Yes,,,,,06/26/2026,,,,11/02/2026,,,,,,,,SPECTRUM,07/13/2026,RFP / RFI Posted,,,ACTIVE,,ACTIVE,INACTIVE,,Yes,,,,,,,,,,,2,12/31/2027,ATC,LIberty,250800,5000309959,193847,,,,,Wehsollek Alyson,Kashima Milton,milton.kashima@verizonwireless.com,kenneth.parker@verizonwireless.com,Palanjian Anna,anna.palanjian@verizonwireless.com,Cox Renee,renee.cox@verizonwireless.com,Straight Jackie,jackie.straight@verizonwireless.com,Mendoza Maryset,maryset.mendoza@verizonwireless.com,Belcher Steven,,Anthony Dalton,anthony.dalton@verizonwireless.com,,,Collins David,Kunz Dale,Sheridan Christopher,,TELECAD WIRELESS SITE DESIGN INC,TOWER ENGINEERING SOLUTIONS LLC,G2 CONSULTING GROUP LLC,TRILEAF,399.0,1.0,Casey,- | HRR | MDG# 5000309959 | NG# 250800 | H:2,617467533,Raw Land,LV LIBERTY G_RELHR,RELHR,2027,37.362937,-84.928778,1019 Smith Rd,Liberty,KY,Casey,,42539,05/11/2026,"VZ-00612254.E.9119,VZ-00612254.C.9119",,,,,,,,Next POR,Search,,,,
,Parker Kenneth,8386 MILFORD RELHR,Active,5000966170,17695756,12/31/2027,2028,,Crown,,Crown,12/31/2027,,,,,,,,,,,No,,,,,,,,,,,,,,Completed,,,"Babich Austin,Varney Benjamin",PYRAMID NETWORK SERVICES LLC,Colocation,COLO,Co-Location Crown,05/01/2026,,,05/01/2026,05/01/2026,,05/01/2026,05/01/2026,,,,,05/01/2026,05/18/2026,05/18/2026,05/18/2026,,,,,,,,,,,,,,,,,,,,,,,,,,,,,,,,,,,,,,ACTIVE,,,,,,,,,,,,,,,,,,,,,,,01/01/1900,,01/01/1900,01/01/1900,N/A,,ACTIVE,INACTIVE,,,,,,,,,,,,,2,12/31/2027,ATC,Milford,13870,5000375828,138914,,,,,Wehsollek Alyson,Kashima Milton,milton.kashima@verizonwireless.com,kenneth.parker@verizonwireless.com,Palanjian Anna,anna.palanjian@verizonwireless.com,Cox Renee,renee.cox@verizonwireless.com,Straight Jackie,jackie.straight@verizonwireless.com,Mendoza Maryset,maryset.mendoza@verizonwireless.com,Zou Yuping,,Qadome Maher,maher.qadome@verizonwireless.com,,,Meyer Taylor,Laura Christensen,Obrien Jason,,MIDWESTERN CONSULTING INC,TOWER ENGINEERING SOLUTIONS LLC,G2 CONSULTING GROUP LLC,TRILEAF,180.0,0.75,Oakland,- | HRR | MDG# 5000375828 | NG# 13870 | H:2,617467538,Colocation,MIK MILFORD_RELHR,RELHR,0,42.596794,-83.604353,801 Concrete Drive--NEAREST,Milford,MI,Oakland,,48381,05/01/2026,VZ-00506539.E.9111,,,,,,,,Pipeline,,,,,
,Parker Kenneth,8203 LAINGSBURG RELHR,Active,5000931815,17682324,06/30/2027,2027,,,MI-4278 Laingsburg RELHR,APC,06/30/2027,,06/30/2027,,,,,,03/29/2027,,,Yes,,,,,,,,,,,,,,Completed,,APC Towers,Rodriguez Amy,"APC TOWERS LLC, TELECAD WIRELESS SITE DESIGN INC",Build to Colocate,COLO,Build to Colocate,03/24/2026,,,03/24/2026,03/24/2026,,04/07/2026,04/07/2026,04/06/2026,,,,05/15/2026,,,,01/01/1900,01/01/1900,Not Needed,HRR Cost Approved,07/06/2026,,07/24/2026,07/24/2026,08/03/2026,,,,08/14/2026,,12/18/2026,,09/28/2026,,10/16/2026,,11/13/2026,,,,,,,,,,,08/14/2026,,10/09/2026,,,,ACTIVE,,,,,,,,,,,,,,12/18/2026,,,,,,,, ,,,,,N/A,,ACTIVE,INACTIVE,,,,,,,,,,,,,12,12/31/2027,ATC,LAINGSBURG - L,13706,5000228676,682729,,,,,Wehsollek Alyson,Kashima Milton,milton.kashima@verizonwireless.com,kenneth.parker@verizonwireless.com,Palanjian Anna,anna.palanjian@verizonwireless.com,Cox Renee,renee.cox@verizonwireless.com,Straight Jackie,jackie.straight@verizonwireless.com,Mendoza Maryset,maryset.mendoza@verizonwireless.com,Mchua Ernesto,Mchua Ernesto,Suhajda Bruce,bruce.suhajda@verizonwireless.com,,,Meyer Taylor,Laura Christensen,Obrien Jason,,TELECAD WIRELESS SITE DESIGN INC,TOWER ENGINEERING SOLUTIONS LLC,G2 CONSULTING GROUP LLC,TRILEAF,250.0,1.0,Shiawassee,- | HRR | 2026 | GL# 682729 | NG# 13706 | T:12 | BTS,617390706,Raw Land,LAINGSBURG_RELHR,RELHR,2027,42.964024,-84.324661,Dewey Rd,Ovid,MI,Shiawassee,,48866,03/24/2026,"VZ-00352765.E.9111,VZ-00352765.C.9111",,,,,,,,Next POR,Exhaust,,,,
,Parker Kenneth,8411 STERLING HEIGHTS RELHR,Active,5000981272,17672457,05/31/2027,2028,,,,Macomb County,05/31/2027,,02/26/2027,,,,,,,,,No,,,,,,,,,,,,,,Completed,,,Rodriguez Amy,TELECAD WIRELESS SITE DESIGN INC,Colocation,COLO,Co-Location,02/23/2026,,,02/23/2026,02/23/2026,,02/23/2026,02/23/2026,,,,,04/29/2026,05/08/2026,05/08/2026,05/08/2026,,,,,05/31/2026,,,,,,,,,,,,,,,,,,,,,,,,,,,,,,,,,ACTIVE,,,,,,,,,,,,,,,,,,,,,,,01/01/1900,,,,N/A,,ACTIVE,INACTIVE,,,,,,,,,,,,,1,12/31/2027,ATC,Sterling Heights,14843,5000300292,138796,,,,,Wehsollek Alyson,Kashima Milton,milton.kashima@verizonwireless.com,kenneth.parker@verizonwireless.com,Palanjian Anna,anna.palanjian@verizonwireless.com,Cox Renee,renee.cox@verizonwireless.com,Straight Jackie,jackie.straight@verizonwireless.com,Mendoza Maryset,maryset.mendoza@verizonwireless.com,Zhou Xiangmin,,Saif Jiddou,Saif.Jiddou@VerizonWireless.com,,,Meyer Taylor,Laura Christensen,Obrien Jason,,TELECAD WIRELESS SITE DESIGN INC,TOWER ENGINEERING SOLUTIONS LLC,G2 CONSULTING GROUP LLC,TRILEAF,117.0,0.35,Macomb,- | HRR | MDG# 5000300292 | NG# 14843 | H:1,617467279,Colocation,MIK STERLING HEIGHTS_RELHR,RELHR,0,42.551091,-82.996623,12850 15 Mile Rd,Sterling Heights,MI,Macomb,,48312,02/23/2026,"VZ-00605777.C.9111,VZ-00605777.E.9111",,,,,,,,Pipeline,,,,,
,Parker Kenneth,GN3 Lake Pleasant RELHR,Active,5000931792,17666642,05/31/2027,2028,,,,Tower Ventures,05/31/2027,,05/31/2027,,,,,,,,,No,,,,,,,,,,,,,,Completed,,,"Phillips Logan,Smith Emily",TELECAD WIRELESS SITE DESIGN INC,Colocation,COLO,Co-Location,02/09/2026,,,02/09/2026,02/09/2026,,02/09/2026,02/09/2026,02/18/2026,,,,05/12/2026,05/19/2026,05/19/2026,05/19/2026,03/09/2026,03/10/2026,Yes,HRR Cost Approved,05/31/2026,,,,,07/23/2026,,,,,,,,,,,,07/10/2026,07/10/2026,07/10/2026,07/20/2026,07/20/2026,07/20/2026,Pass,,,,,,,,,,ACTIVE,,,,,Yes,,,,,07/24/2026,,,,,,,,,,,, ,01/01/1900,,,,N/A,,ACTIVE,INACTIVE,,,,,,,,,,,,,12,02/28/2030,ATC,GN Lake Pleasant,127299,5000022850,286957,,,,,Wehsollek Alyson,Kashima Milton,milton.kashima@verizonwireless.com,kenneth.parker@verizonwireless.com,Palanjian Anna,anna.palanjian@verizonwireless.com,Cox Renee,renee.cox@verizonwireless.com,Straight Jackie,jackie.straight@verizonwireless.com,Mendoza Maryset,maryset.mendoza@verizonwireless.com,Maldonado Jessica,Brian Robbins,Jagalpure Soham,soham.jagalpure@verizonwireless.com,,,Collins David,Kunz Dale,Obrien Jason,,TELECAD WIRELESS SITE DESIGN INC,TOWER ENGINEERING SOLUTIONS LLC,G2 CONSULTING GROUP LLC,TRILEAF,170.0,0.75,Shelby,- | HRR | 2026 | GL# 286957 | NG# 127299 | T:12 | BTS,617390876,Colocation,GN Lake Pleasant RELHR,RELHR,0,39.601192,-85.85705,N County Road 400 W,Fairland,IN,Shelby,,46126,02/09/2026,"VZ-00352735.E.9149,VZ-00352735.C.9149",,,,,,,,Pipeline,Exhaust,,,,
,Parker Kenneth,5600 Sawyer RELHR,Active,5000898417,17613245,08/14/2026,2026,POR,,MI20380-A,SBA,08/14/2026,,08/14/2026,2830203.24,,,,,,,,No,08/14/2026,,08/14/2026,,,,,,,,,,,Completed,,SBA,Zanzig Brian,SBA NETWORK SERVICES INC,Colocation,COLO,Co-Location SBA,11/03/2025,No,,10/20/2025,10/20/2025,10/27/2025,10/20/2025,10/20/2025,11/03/2025,,,,06/18/2026,07/21/2026,07/21/2026,07/21/2026,,03/13/2026,Not Needed,HRR Cost Approved,,,05/26/2026,05/26/2026,07/02/2026,06/19/2026,,06/15/2026,,,,,,,,,08/31/2026,01/29/2026,01/29/2026,02/05/2026,02/09/2026,02/16/2026,02/13/2026,Pass,120,04/27/2026,PASS,,,,,05/21/2026,05/21/2026,COMPLETED,,Yes,,,,Diesel,,,,05/29/2026,06/01/2026,07/31/2026,,08/07/2026,,,,,,,,EVERSTREAM,05/08/2026,Contract Executed,,,ACTIVE,,ACTIVE,INACTIVE,,No,06/18/2026,06/29/2026,,07/13/2026,06/18/2026,06/29/2026,06/25/2026,,,,Not a Tillman Project (Crown),12/31/2027,ATC,Sawyer,92082,5000024452,236651,41.876344,-86.606794,,,Wehsollek Alyson,Kashima Milton,milton.kashima@verizonwireless.com,kenneth.parker@verizonwireless.com,Palanjian Anna,anna.palanjian@verizonwireless.com,Cox Renee,renee.cox@verizonwireless.com,Straight Jackie,jackie.straight@verizonwireless.com,Mendoza Maryset,maryset.mendoza@verizonwireless.com,Zhou Xiangmin,,Stine Michael,michael.stine2@verizonwireless.com,,,Meyer Taylor,Butt Atif,Obrien Jason,Obrien Jason,"MIDWESTERN CONSULTING INC, SBA NETWORK SERVICES INC",TOWER ENGINEERING SOLUTIONS LLC,G2 CONSULTING GROUP LLC,TRILEAF,228.0,0.3,Berrien,- | HRR | MDG# 5000024452 | NG# 92082 | Crown | Collocation,617214725,Colocation,5600 Sayer RELHR,RELHR,2026,41.86191667,-86.61083333,14220 Three Oaks Road,Three Oaks,MI,Berrien,712645,49128,10/20/2025,"VZ-00168333.E.9111,VZ-00168333.C.9111",,,,,,,,POR,Exhaust,2026 watch,Real Estate,,
,Parker Kenneth,8043 Durand RELHR,Active,5000897647,17609385,12/31/2026,2027,,Kroll Communications,,Kroll Communications,12/31/2026,,12/31/2026,,,,,,,,,No,,,,,,,,,,,,,,Completed,,,Rodriguez Amy,TELECAD WIRELESS SITE DESIGN INC,Colocation,COLO,Co-Location,10/13/2025,,,10/13/2025,10/13/2025,,11/04/2025,11/04/2025,10/20/2025,,,,11/04/2025,05/22/2026,05/22/2026,05/22/2026,02/01/2026,01/15/2026,Not Needed,HRR Cost Approved,08/07/2026,,,05/27/2026,06/30/2026,06/24/2026,06/30/2026,,,,,,,,,,,11/20/2025,11/25/2025,11/24/2025,01/08/2026,01/15/2026,01/12/2026,Pass,,05/06/2026,,,,,,,,ACTIVE,,,,,,,,,,07/29/2026,,,,09/01/2026,,,,,,,,EVERSTREAM,05/08/2026,Contract Executed,,,ACTIVE,,ACTIVE,INACTIVE,,No,,,,,,,,,,,2,12/31/2027,ATC,Durand,13683,5000301543,139536,,,,,Wehsollek Alyson,Kashima Milton,milton.kashima@verizonwireless.com,kenneth.parker@verizonwireless.com,Palanjian Anna,anna.palanjian@verizonwireless.com,Cox Renee,renee.cox@verizonwireless.com,Straight Jackie,jackie.straight@verizonwireless.com,Mendoza Maryset,maryset.mendoza@verizonwireless.com,Mchua Ernesto,Mchua Ernesto,Suhajda Bruce,bruce.suhajda@verizonwireless.com,,,Meyer Taylor,Laura Christensen,Obrien Jason,,"MIDWESTERN CONSULTING INC, TELECAD WIRELESS SITE DESIGN INC",TOWER ENGINEERING SOLUTIONS LLC,G2 CONSULTING GROUP LLC,TRILEAF,182.0,1.0,Shiawassee,High Rent Relo  - | HRR | MDG# 5000301543 | NG# 13683 | T: 2,617174920,Colocation,Durand_RELHR,RELHR,2027,42.99576,-83.99294,East Corunna Rd,Lennon,MI,Shiawassee,712133,48449,10/13/2025,"VZ-00228693.E.9111,VZ-00228693.C.9111",,,,,,,,Next POR,Exhaust,,,,
,Parker Kenneth,8139 Grandville RELHR,Active,5000914278,17602693,04/30/2027,2027,,,M13251-A,SBA,04/30/2027,,04/30/2027,,,,,,,,,No,04/30/2027,,,,,,,,,,,,,Completed,,SBA,Zanzig Brian,SBA NETWORK SERVICES INC,Colocation,COLO,Co-Location SBA,10/02/2025,,,10/02/2025,10/02/2025,,12/02/2025,12/02/2025,10/16/2025,,,,06/16/2026,07/17/2026,07/17/2026,07/17/2026,04/10/2026,04/10/2026,,,,,06/16/2026,06/03/2026,07/02/2026,06/19/2026,,,,,,,,,,,,01/29/2026,01/29/2026,01/29/2026,02/27/2026,03/06/2026,03/04/2026,Pass,Windloading - use 120 inches,07/15/2026,PASS,,,,,07/21/2026,07/21/2026,COMPLETED,07/13/2026,Yes,,,,Diesel,,,,07/29/2026,,08/31/2026,,09/07/2026,,,,,,,,,,Contract Executed,01/01/1900,01/01/1900,N/A,,ACTIVE,INACTIVE,,,,,,,,,,,,,9,12/31/2027,ATC,Grandville,13069,5000304139,139459,,,,,Wehsollek Alyson,Kashima Milton,milton.kashima@verizonwireless.com,kenneth.parker@verizonwireless.com,Palanjian Anna,anna.palanjian@verizonwireless.com,Cox Renee,renee.cox@verizonwireless.com,Ball Abigail,abigail.ball@verizonwireless.com,Mendoza Maryset,maryset.mendoza@verizonwireless.com,Brennecke Phillip,,Cady Paul,paul.cady2@verizonwireless.com,,,Meyer Taylor,Butt Atif,Obrien Jason,,"MIDWESTERN CONSULTING INC, SBA NETWORK SERVICES INC",TOWER ENGINEERING SOLUTIONS LLC,G2 CONSULTING GROUP LLC,TRILEAF,225.0,0.75,Ottawa,- | HRR | 2024 | GL# 139459 | NG# 13069 | SBA | BTS,617350880,Colocation,GRANDVILLE - L_RELHR,RELHR,2027,42.975578,-85.791144,11364 3rd Avenue NW,Grand Rapids,MI,Ottawa,763505,49534,10/02/2025,"VZ-00235079.C.9111,VZ-00235079.E.9111",,,,,,,,Next POR,Exhaust,,,,
,Parker Kenneth,8178 NEW STANWOOD RELHR,Active,5000931821,17588472,08/14/2026,2026,POR,,MI20480-A,SBA,08/14/2026,,08/14/2026,,,,,,,,,No,08/14/2026,,08/14/2026,,,,,,,,,,,Completed,,SBA,Zanzig Brian,SBA NETWORK SERVICES INC,Colocation,COLO,Co-Location SBA,09/10/2025,,,09/10/2025,09/10/2025,,09/10/2025,09/10/2025,,,,,04/16/2026,04/16/2026,04/13/2026,,04/13/2026,04/13/2026,Not Needed,HRR Cost Approved,,,05/20/2026,05/14/2026,07/02/2026,06/18/2026,,06/24/2026,,,,,,,,,08/31/2026,01/29/2026,01/29/2026,01/29/2026,03/02/2026,03/06/2026,03/03/2026,Pass,,05/15/2026,PASS,,,,,05/21/2026,05/21/2026,COMPLETED,,No,,,,Diesel,,07/14/2026,07/14/2026,06/12/2026,06/05/2026,07/20/2026,07/08/2026,07/22/2026,07/23/2026,,,,,,,AT&T,,NPV Approved,,,ACTIVE,,ACTIVE,INACTIVE,,,06/24/2026,,,,,,05/07/2026,,,,12,12/31/2027,ATC,NEW STANWOOD,104110,5000303594,224028,,,,,Wehsollek Alyson,Kashima Milton,milton.kashima@verizonwireless.com,kenneth.parker@verizonwireless.com,Palanjian Anna,anna.palanjian@verizonwireless.com,Cox Renee,renee.cox@verizonwireless.com,Straight Jackie,jackie.straight@verizonwireless.com,Mendoza Maryset,maryset.mendoza@verizonwireless.com,Mchua Ernesto,,Korry Bedore,korry.bedore@verizonwireless.com,,,Meyer Taylor,Butt Atif,Obrien Jason,,"MIDWESTERN CONSULTING INC, SBA NETWORK SERVICES INC",TOWER ENGINEERING SOLUTIONS LLC,G2 CONSULTING GROUP LLC,TRILEAF,195.0,1.0,Mecosta,- | HRR | 2026 | GL# 224028 | NG# 104110 | T:12 | BTS,617390901,Colocation,8178 New Stanwood RELHR,RELHR,2026,43.52865278,-85.49527222,4355 205th Avenue,Morley,MI,Mecosta,,49336,09/10/2025,"VZ-00352792.E.9165,VZ-00352792.C.9165",,,,,,,,POR,Exhaust,2026 watch,Real Estate,,
,Parker Kenneth,8138 M46 PORTSMOUTH RELHR,Active,5000913446,17588437,09/30/2026,2026,POR,,MI11291-A,SBA,09/30/2026,,09/30/2026,,,,,,,,,No,09/30/2026,,09/30/2026,,,,,,,,,,,Completed,,SBA,Zanzig Brian,SBA NETWORK SERVICES INC,Colocation,COLO,Co-Location SBA,09/10/2025,,,09/10/2025,09/10/2025,,09/10/2025,09/10/2025,,,,,11/10/2025,05/19/2026,05/19/2026,05/19/2026,03/17/2026,03/17/2026,Not Needed,HRR Cost Approved,,,05/27/2026,05/27/2026,07/02/2026,06/19/2026,,05/18/2026,,,,,,,,,,01/29/2026,01/29/2026,01/29/2026,02/27/2026,03/06/2026,03/06/2026,Pass,,04/07/2026,PASS,,,,,05/21/2026,05/21/2026,COMPLETED,,Yes,,,,Diesel,,,,05/22/2026,01/01/1900,08/10/2026,,08/17/2026,,,,,,,,BLUEBIRD,,RFP / RFI Posted,,,ACTIVE,,ACTIVE,INACTIVE,,No,06/25/2026,06/25/2026,,,06/18/2026,06/25/2026,06/29/2026,,,,8,12/31/2027,ATC,M46Portsmouth,88948,5000023797,226197,43.413819,-83.875203,,,Wehsollek Alyson,Kashima Milton,milton.kashima@verizonwireless.com,kenneth.parker@verizonwireless.com,Palanjian Anna,anna.palanjian@verizonwireless.com,Cox Renee,renee.cox@verizonwireless.com,Straight Jackie,jackie.straight@verizonwireless.com,Mendoza Maryset,maryset.mendoza@verizonwireless.com,Mchua Ernesto,Mchua Ernesto,Suhajda Bruce,bruce.suhajda@verizonwireless.com,,,Meyer Taylor,Butt Atif,Obrien Jason,Obrien Jason,"MIDWESTERN CONSULTING INC, SBA NETWORK SERVICES INC",TOWER ENGINEERING SOLUTIONS LLC,G2 CONSULTING GROUP LLC,ENVIROBUSINESS INC,190.0,0.5,Saginaw,- | HRR | MDG# 5000023797 | NG# 88948 | T: 8,617344016,Colocation,M46_PORTSMOUTH_RELHR,RELHR,2026,43.40694444,-83.89440556,1950 S OUTER DR.,Saginaw,MI,Saginaw,734112,48601,09/10/2025,"VZ-00234103.E.9111,VZ-00234103.C.9111",,,,,BSS,,,POR,Exhaust,2026 HRR,Real Estate,,
,Parker Kenneth,8092 LAMBERTVILLE L RELHR,Active,5000921012,17586346,09/25/2026,2027,,,MI-46783-A,SBA,09/25/2026,,09/25/2026,,,,,,,,,No,09/25/2026,,09/25/2026,,,,,,,,,,,Completed,,SBA,Zanzig Brian,SBA NETWORK SERVICES INC,Colocation,COLO,Co-Location SBA,09/08/2025,,,09/08/2025,09/08/2025,10/07/2025,09/08/2025,09/08/2025,,,,,09/09/2025,05/13/2026,05/13/2026,,03/17/2026,03/17/2026,Not Needed,HRR Cost Approved,,,05/15/2026,05/16/2026,07/02/2026,06/19/2026,,06/15/2026,,,,,,,,,,01/29/2026,01/29/2026,01/29/2026,02/27/2026,03/06/2026,03/02/2026,Pass,Windloading - use 120 inches,05/11/2026,PASS,,,,,05/21/2026,05/21/2026,COMPLETED,,No,,,,Diesel,,07/21/2026,07/21/2026,06/04/2026,06/01/2026,08/07/2026,,08/14/2026,,,,,,,,PENDING VENDOR REVIEW,,RFP / RFI Posted,,,ACTIVE,,ACTIVE,INACTIVE,,,,,,,06/22/2026,,05/12/2026,,,,6,12/31/2027,ATC,LAMBERTVILLE - L,13118,5000024552,251874,41.771389,-83.646667,,,Wehsollek Alyson,Kashima Milton,milton.kashima@verizonwireless.com,kenneth.parker@verizonwireless.com,Palanjian Anna,anna.palanjian@verizonwireless.com,Cox Renee,renee.cox@verizonwireless.com,Straight Jackie,jackie.straight@verizonwireless.com,Mendoza Maryset,maryset.mendoza@verizonwireless.com,Raikhal Neal,,Haddad Gabriel,gabriel.haddad@verizonwireless.com,,,Meyer Taylor,Butt Atif,Obrien Jason,,"MIDWESTERN CONSULTING INC, SBA NETWORK SERVICES INC",TOWER ENGINEERING SOLUTIONS LLC,G2 CONSULTING GROUP LLC,TRILEAF,185.0,0.5,Monroe,- | HRR | MDG# 5000024552 | NG# 13118 | T: 6,617319848,Colocation,LAMBERTVILLE-L_RELHR,RELHR,2027,41.77364167,-83.62287778,8700 Secor Rd,Temperance,MI,Monroe,784025,48182,09/08/2025,"VZ-00230339.C.9111,VZ-00230339.E.9111",,,,,,,,Next POR,Exhaust,2026 watch,Real Estate,,
,Parker Kenneth,8116 NEWPORT III RELHR,Active,5000921031,17559300,12/03/2026,2027,,,TI-OPP-21206,Tillman,12/03/2026,,12/31/2026,,,,,,,,,Yes,12/31/2026,,,,,,,,,,,,,Completed,,Tilman,Matthews Larry,TILLMAN INFRASTRUCTURE LLC,Build to Colocate,COLO,Build to Colocate,07/18/2025,,,07/18/2025,07/18/2025,,07/18/2025,07/18/2025,,,,,07/21/2025,05/15/2026,05/15/2026,05/15/2026,,,,,,,,,08/21/2025,08/21/2025,,,,,,,07/21/2026,06/08/2026,08/14/2026,06/15/2026,,,,,,,,,,,,,,,,03/13/2026,03/13/2026,COMPLETED,,Yes,,,,Diesel,,,,05/12/2026,05/12/2026,,,,,,,,,,,OneFiber,07/18/2025,RFP / RFI Posted,,,ACTIVE,,ACTIVE,INACTIVE,,Yes,06/22/2026,,,,,,,,,,7,12/31/2027,ATC,Newport,82915,5000092386,239092,,,,,Wehsollek Alyson,Kashima Milton,milton.kashima@verizonwireless.com,kenneth.parker@verizonwireless.com,Palanjian Anna,anna.palanjian@verizonwireless.com,Cox Renee,renee.cox@verizonwireless.com,Straight Jackie,jackie.straight@verizonwireless.com,Mendoza Maryset,maryset.mendoza@verizonwireless.com,Raikhal Neal,,Haddad Gabriel,gabriel.haddad@verizonwireless.com,,,Meyer Taylor,Laura Christensen,Obrien Jason,,,TOWER ENGINEERING SOLUTIONS LLC,TRILEAF,TRILEAF,150.0,0.75,Monroe,- | HRR | 2023 | GL# 239092 | NG# 82915 | T:7 | Collocation,617316357,Colocation,NEWPORT III - L_RELHR,RELHR,2027,42.00849,-83.29364,4811 Newport RD,Newport,MI,Monroe,784042,48166,07/18/2025,"VZ-00235362.E.9111,VZ-00235362.C.9111",,,,,,,,Next POR,BTS,,,,
1 HIGHEST Priority,Parker Kenneth,8285 ANCHORVILLE RELHR,Active,5000946825,17555460,05/21/2027,2027,,,Anchorville,Harmoni,05/21/2027,,05/21/2027,,,,,,03/29/2027,,,Yes,06/28/2027,,,,,,,,,,,,,Completed,,Harmoni Tower,"Campagna Daniel,Marcelletti John,Rodrigues Crystal","HARMONI TOWERS LLC, PYRAMID NETWORK SERVICES LLC",Build to Colocate,COLO,Build to Colocate,07/10/2025,,,07/10/2025,07/10/2025,,07/10/2025,07/10/2025,,,,,07/12/2025,07/14/2025,07/14/2025,07/14/2025,,,Not Needed,HRR Cost Approved,07/30/2026,,03/07/2025,05/26/2026,06/30/2026,07/07/2026,08/07/2026,,06/29/2026,,10/27/2026,,11/06/2026,,11/13/2026,,12/12/2026,,,,,,,,,,,08/21/2026,,09/21/2026,,,,ACTIVE,,,,,,,,,,06/19/2026,,01/01/1900,,07/31/2026,,,,,,,,PENDING VENDOR REVIEW,,RFP / RFI Posted,,,ACTIVE,,ACTIVE,INACTIVE,,Yes,,,,,,,,,,,Not a Tillman Project (Other BTS),12/31/2027,ATC,Anchorville,14205,5000398649,138869,,,,,Wehsollek Alyson,Kashima Milton,milton.kashima@verizonwireless.com,kenneth.parker@verizonwireless.com,Palanjian Anna,anna.palanjian@verizonwireless.com,Cox Renee,renee.cox@verizonwireless.com,Straight Jackie,jackie.straight@verizonwireless.com,Mendoza Maryset,maryset.mendoza@verizonwireless.com,Zhou Xiangmin,,Qadome Maher,maher.qadome@verizonwireless.com,,,Meyer Taylor,Laura Christensen,Obrien Jason,,MIDWESTERN CONSULTING INC,TOWER ENGINEERING SOLUTIONS LLC,G2 CONSULTING GROUP LLC,TRILEAF,275.0,0.75,Macomb,- | HRR | MDG# 5000398649 | NG# 14205 | T:Y,617431028,Colocation,ANCHORVILLE_RELHR,RELHR,2027,42.76888,-82.750193,29 Mile Rd,Lenox,MI,Macomb,,48048,07/10/2025,VZ-00411498.E.9111,,,,,,,,Next POR,Exhaust,,,,
,Parker Kenneth,GN2 Wilmington RELHR,Active,5000982285,17362146,07/30/2027,2028,,,,Verizon,07/30/2027,,07/30/2027,,,,,,,,,No,,,,,,,,,,,,,,Completed,,,Smith Emily,TELECAD WIRELESS SITE DESIGN INC,Raw Land,RL,Raw Land,02/24/2026,No,,02/24/2026,02/26/2026,03/05/2026,03/05/2026,03/05/2026,09/16/2025,,,,06/26/2026,06/30/2026,06/30/2026,06/30/2026,,,Not Needed,HRR Cost Approved,07/15/2026,,,06/15/2026,07/31/2026,,07/15/2026,,,,,,,,,,,,,,,,,,,,,,,,,,,ACTIVE,,,,,Yes,,,,,,,,,,,,,,,,,FRONTIER,,RFP / RFI Posted,,,ACTIVE,,ACTIVE,INACTIVE,,Yes,,,,,,,,,,,Not a Tillman Project (3rd Party SAC),12/31/2027,ATC,,108844,5000026151,,,,,,Wehsollek Alyson,Kashima Milton,milton.kashima@verizonwireless.com,kenneth.parker@verizonwireless.com,Palanjian Anna,anna.palanjian@verizonwireless.com,Cox Renee,renee.cox@verizonwireless.com,Straight Jackie,jackie.straight@verizonwireless.com,Mendoza Maryset,maryset.mendoza@verizonwireless.com,Garcia Gustavo,,Prather Kim,kim.prather@verizonwireless.com,,,Collins David,Kunz Dale,Obrien Jason,,TELECAD WIRELESS SITE DESIGN INC,TOWER ENGINEERING SOLUTIONS LLC,G2 CONSULTING GROUP LLC,TRILEAF,265.0,1.0,DeKalb,- | HRR | MDG# 5000026151 | NG# 108844,617471357,Raw Land,GN2 Wilmington_RELHR,RELHR,0,41.427879,-84.897588,700 W Main St,Butler,IN,DeKalb,,46721,08/26/2025,"VZ-00612109.E.9148,VZ-00612109.C.9148",,,,,,,,Pipeline,Search,,,HRR - Exhaust,
,Parker Kenneth,8407 ROMULUS RELHR,Active,5000981221,17334174,01/29/2027,2027,,,MI41298-T,SBA,01/29/2027,,01/29/2027,,,,,,,,,No,,,,,,,,,,,,,,Completed,,SBA,Stubblefield Shane,SBA NETWORK SERVICES INC,Colocation,COLO,Co-Location SBA,11/13/2025,,,11/13/2025,11/13/2025,11/20/2025,12/02/2025,12/02/2025,11/27/2025,,,,12/05/2025,05/12/2026,05/12/2026,05/12/2026,,,,,,,,,,,,,,,,,,,,,,01/29/2026,01/29/2026,01/29/2026,04/01/2026,04/07/2026,04/02/2026,Pass,,,,,,,,,,ACTIVE,,,,,,,,,,,,10/30/2026,,,,,,,,,,OneFiber,07/10/2026,RFP / RFI Posted,,,ACTIVE,,ACTIVE,INACTIVE,,,,,,,,,,,,,1,12/31/2027,ATC,Romulus,142963,5000383469,139089,,,,,Wehsollek Alyson,Kashima Milton,milton.kashima@verizonwireless.com,kenneth.parker@verizonwireless.com,Palanjian Anna,anna.palanjian@verizonwireless.com,Cox Renee,renee.cox@verizonwireless.com,Straight Jackie,jackie.straight@verizonwireless.com,Mendoza Maryset,maryset.mendoza@verizonwireless.com,Raikhal Neal,,Haddad Gabriel,gabriel.haddad@verizonwireless.com,,,Meyer Taylor,Laura Christensen,Obrien Jason,,"MIDWESTERN CONSULTING INC, SBA NETWORK SERVICES INC",TOWER ENGINEERING SOLUTIONS LLC,G2 CONSULTING GROUP LLC,TRILEAF,140.0,0.5,Wayne,- | HRR | MDG# 5000383469 | NG# 142963 | H:1,617467697,Colocation,MIK ROMULUS_RELHR,RELHR,2027,42.198207,-83.303943,27254 Eureka Rd,Taylor,MI,Wayne,,48180,06/02/2025,"VZ-00605614.E.9111,VZ-00605614.C.9111",,,,,,,,Next POR,,,,,
1 HIGHEST Priority,Parker Kenneth,8359 HIGHLAND PARK RELHR,Active,5000981225,17334170,09/25/2026,2027,,,MI46781,SBA,09/25/2026,,09/25/2026,,,,,,,,,No,09/25/2026,,09/25/2026,,,,,,,,,,,Completed,,SBA,Zanzig Brian,SBA NETWORK SERVICES INC,Colocation,COLO,Co-Location SBA,08/29/2025,No,,08/01/2025,08/01/2025,08/08/2025,08/26/2025,08/26/2025,08/15/2025,,,,01/29/2026,05/12/2026,05/12/2026,,,04/13/2026,Not Needed,HRR Cost Approved,,,05/22/2026,05/16/2026,07/02/2026,06/25/2026,,,,,,,,,,,,01/29/2026,01/29/2026,01/29/2026,03/11/2026,03/17/2026,03/12/2026,Pass,,04/30/2026,PASS,,,,,05/21/2026,05/21/2026,COMPLETED,,No,,,,Diesel,,,,06/02/2026,05/28/2026,08/31/2026,,09/07/2026,,,,,,,,OneFiber,07/10/2026,RFP / RFI Posted,,,ACTIVE,,ACTIVE,INACTIVE,,No,07/14/2026,07/14/2026,,,,07/14/2026,,,,,2,12/31/2027,ATC,Highland Park,15184,5000381076,139092,,,,,Wehsollek Alyson,Kashima Milton,milton.kashima@verizonwireless.com,kenneth.parker@verizonwireless.com,Palanjian Anna,anna.palanjian@verizonwireless.com,Cox Renee,renee.cox@verizonwireless.com,Straight Jackie,jackie.straight@verizonwireless.com,Mendoza Maryset,maryset.mendoza@verizonwireless.com,Ayoub Nabil,,Trudell Mike,michael.trudell1@verizonwireless.com,,,Meyer Taylor,Butt Atif,Obrien Jason,Obrien Jason,"MIDWESTERN CONSULTING INC, SBA NETWORK SERVICES INC, TELECAD WIRELESS SITE DESIGN INC",TOWER ENGINEERING SOLUTIONS LLC,G2 CONSULTING GROUP LLC,TRILEAF,90.0,0.35,Wayne,- | HRR | MDG# 5000381076 | NG# 15184 | H:2,617467693,Colocation,MIK HIGHLAND PARK_RELHR,RELHR,2027,42.401062,-83.114029,14035 Woodrow Wilson,Detroit,MI,Wayne,,48230,06/02/2025,"VZ-00605622.E.9111,VZ-00605622.C.9111",,,,,,,,Next POR,,2026 watch,Real Estate,,
1 HIGHEST Priority,Parker Kenneth,8356 HAMTRAMCK WEST RELHR,Active,5000982321,17334045,06/30/2027,2027,,,828799,,06/30/2027,,,,,,,,,,,No,,,,,,,,,,,,,,Completed,,,McMillen Peter,"SMARTLINK LLC, VERIZON",Colocation,COLO,Co-Location,02/27/2026,,,12/15/2025,12/16/2025,01/30/2026,02/17/2026,02/17/2026,12/30/2025,,,,05/26/2026,05/06/2026,05/06/2026,,,,,,,,,,,,,,,,,,,,,,,03/30/2026,03/30/2026,03/30/2026,04/22/2026,04/28/2026,04/24/2026,Pass,,06/15/2026,PASS,,,,,,,ACTIVE,,,,,,,,,,,,01/01/1900,,,,,,,,,,,,,01/01/1900,01/01/1900,N/A,,ACTIVE,INACTIVE,,,,,,,,,,,,,1,12/31/2027,ATC,Hamtramck West,13544,5000379321,139042,,,,,Wehsollek Alyson,Kashima Milton,milton.kashima@verizonwireless.com,kenneth.parker@verizonwireless.com,Palanjian Anna,anna.palanjian@verizonwireless.com,Cox Renee,renee.cox@verizonwireless.com,Straight Jackie,jackie.straight@verizonwireless.com,Mendoza Maryset,maryset.mendoza@verizonwireless.com,Ayoub Nabil,,Trudell Mike,michael.trudell1@verizonwireless.com,,,Meyer Taylor,Ferguson Bryan,Obrien Jason,,MIDWESTERN CONSULTING INC,TOWER ENGINEERING SOLUTIONS LLC,G2 CONSULTING GROUP LLC,TRILEAF,100.0,0.35,Wayne,- | HRR | MDG# 5000379321 | NG# 13544 | H:1,617467545,Colocation,MIK HAMTRAMCK WEST_RELHR,RELHR,2027,42.39636,-83.07425,11525 Russell Street,Detroit,MI,Wayne,,48211,08/06/2025,"VZ-00612223.E.9111,VZ-00612223.C.9111",,,,,,,,Next POR,,2027 HRR,RE & Fiber,HRR (to Crown),
1 HIGHEST Priority,Parker Kenneth,8375 LATHRUP RELHR,Active,5000982318,17334044,05/31/2027,2027,,,,Verizon,05/31/2027,,05/31/2027,,,,,,,,,No,05/31/2027,,,,,,,,,,,,,Completed,,,"Babich Austin,Varney Benjamin",PYRAMID NETWORK SERVICES LLC,Raw Land,RL,Raw Land,02/22/2026,,,02/22/2026,02/23/2026,03/02/2026,04/06/2026,04/06/2026,04/06/2026,,,,04/07/2026,05/12/2026,04/13/2026,05/12/2026,,01/01/1900,,,08/28/2026,,04/16/2026,04/15/2026,,,,,,,,,,,,,,,,,,,,,,,,,,,,,,ACTIVE,,,,,,,,,,,,01/01/1900,,,,,,,,,,OneFiber,07/10/2026,RFP / RFI Posted,,,ACTIVE,,ACTIVE,INACTIVE,,,,,,,,,,,,,2,12/31/2027,ATC,Lathrup Village,13495,5000379581,138921,,,,,Wehsollek Alyson,Kashima Milton,milton.kashima@verizonwireless.com,kenneth.parker@verizonwireless.com,Palanjian Anna,anna.palanjian@verizonwireless.com,Cox Renee,renee.cox@verizonwireless.com,Straight Jackie,jackie.straight@verizonwireless.com,Mendoza Maryset,maryset.mendoza@verizonwireless.com,Ayoub Nabil,,Brown Jerelyn,jerelyn.brown@verizonwireless.com,,,Meyer Taylor,Laura Christensen,Obrien Jason,,MIDWESTERN CONSULTING INC,TOWER ENGINEERING SOLUTIONS LLC,G2 CONSULTING GROUP LLC,TRILEAF,110.0,0.35,Oakland,- | HRR | MDG# 5000379581 | NG# 13495 | H:2,617467561,Raw Land,MIK LATHRUP_RELHR,RELHR,2027,42.481497,-83.268125,26877 Northwestern Hwy-NEAREST,Southfield,MI,Oakland,,48033,08/26/2025,"VZ-00612220.E.9111,VZ-00612220.C.9111",,,,,,,,Next POR,,,,HRR - Exhaust,
,Parker Kenneth,8350 GOODISON RELHR,Active,5000982317,17334042,02/26/2027,2027,,,,Local Township,02/26/2027,,02/26/2027,,,,,,,,,No,,,,,,,,,,,,,,Completed,,,Rodriguez Amy,TELECAD WIRELESS SITE DESIGN INC,Colocation,COLO,Co-Location,02/20/2026,,,12/08/2025,12/15/2025,12/22/2025,12/19/2025,03/30/2026,,,,,12/19/2025,05/12/2026,05/12/2026,05/12/2026,07/13/2026,07/08/2026,Yes,HRR Cost Approved,07/31/2026,,07/01/2026,07/01/2026,07/31/2026,,07/31/2026,,,,,,,,,,,06/05/2026,,06/10/2026,06/19/2026,06/19/2026,06/19/2026,Pass,,,,,,,,,,ACTIVE,,,,,,,,,,08/14/2026,,,,,,,,,,,,OneFiber,07/10/2026,RFP / RFI Posted,,,ACTIVE,,ACTIVE,INACTIVE,,No,,,,,,,,,,,1,12/31/2027,ATC,Goodison,13541,5000377095,138945,,,,,Wehsollek Alyson,Kashima Milton,milton.kashima@verizonwireless.com,kenneth.parker@verizonwireless.com,Palanjian Anna,anna.palanjian@verizonwireless.com,Cox Renee,renee.cox@verizonwireless.com,Straight Jackie,jackie.straight@verizonwireless.com,Mendoza Maryset,maryset.mendoza@verizonwireless.com,Zhou Xiangmin,,Saif Jiddou,Saif.Jiddou@VerizonWireless.com,,,Meyer Taylor,Ferguson Bryan,Obrien Jason,,TELECAD WIRELESS SITE DESIGN INC,TOWER ENGINEERING SOLUTIONS LLC,G2 CONSULTING GROUP LLC,TRILEAF,175.0,0.5,Oakland,- | HRR | MDG# 5000377095 | NG# 13541 | H:1,617467543,Colocation,8350 GOODISON RELHR,RELHR,2027,42.734029,-83.158465,4393 Collins Road,Oakland,MI,Oakland,,48306,08/26/2025,"VZ-00612219.E.9111,VZ-00612219.C.9111",,,,,,,,Next POR,,,,,
1 HIGHEST Priority,Parker Kenneth,8303 HAMTRAMCK RELHR,Active,5000982365,17334026,,2028,,,840414,City Switch,,,,,,,,,,,,No,,,,,,,,,,,,,,Search,,,Phillips Logan,TELECAD WIRELESS SITE DESIGN INC,,,,05/29/2026,,,,09/09/1900,,,,,,,,,,,,,,,,,,,,,,,,,,,,,,,,,,,,,,,,,,,,,,,,,INACTIVE,,,,,,,,,,,,01/01/1900,,,,,,,,,,,,,01/01/1900,01/01/1900,N/A,,INACTIVE,INACTIVE,,,,,,,,,,,,,1,12/31/2027,ATC,Hamtramck,13516,5000380750,139096,,,,,Wehsollek Alyson,Kashima Milton,milton.kashima@verizonwireless.com,kenneth.parker@verizonwireless.com,Palanjian Anna,anna.palanjian@verizonwireless.com,Cox Renee,renee.cox@verizonwireless.com,Straight Jackie,jackie.straight@verizonwireless.com,Mendoza Maryset,maryset.mendoza@verizonwireless.com,Ayoub Nabil,,Trudell Mike,michael.trudell1@verizonwireless.com,,,,Ferguson Bryan,Obrien Jason,,MIDWESTERN CONSULTING INC,TOWER ENGINEERING SOLUTIONS LLC,G2 CONSULTING GROUP LLC,TRILEAF,100.0,0.35,Wayne,- | HRR | MDG# 5000380750 | NG# 13516 | H:1,617467553,,MIK HAMTRAMCK_RELHR,RELHR,2026,42.409744,-83.038033,,HAMTRAMCK,MI,Wayne,,48212,08/06/2025,VZ-00612395.E.9111,,,,,,,,,,2027 HRR,RE & Fiber,HRR (to Crown),
1 HIGHEST Priority,Parker Kenneth,8353 GREENFIELD 12 MI RELHR,Active,5000981276,17334021,05/31/2027,2028,,,,ATLAS,05/31/2027,,,,,,,,,,,,,,,,,,,,,,,,,Completed,,,Rodriguez Amy,TELECAD WIRELESS SITE DESIGN INC,Build to Colocate,COLO,Build to Colocate,03/19/2026,,,03/19/2026,06/25/2026,07/07/2026,07/07/2026,07/07/2026,04/06/2026,,,,07/08/2026,07/09/2026,07/09/2026,07/09/2026,06/16/2026,07/10/2026,,,,,,,,,,,,,,,,,,,,,,,,,,,,,,,,,,,,ACTIVE,,,,,,,,,,,,,,,,,,,,,,,,,01/01/1900,01/01/1900,N/A,,ACTIVE,INACTIVE,,,,,,,,,,,,,1,12/31/2027,ATC,Greenfield & 12 Mile,13002,5000379811,138905,,,,,Wehsollek Alyson,Kashima Milton,milton.kashima@verizonwireless.com,kenneth.parker@verizonwireless.com,Palanjian Anna,anna.palanjian@verizonwireless.com,Cox Renee,renee.cox@verizonwireless.com,Straight Jackie,jackie.straight@verizonwireless.com,Mendoza Maryset,maryset.mendoza@verizonwireless.com,Ayoub Nabil,,Brown Jerelyn,jerelyn.brown@verizonwireless.com,,,,Laura Christensen,Obrien Jason,,TELECAD WIRELESS SITE DESIGN INC,TOWER ENGINEERING SOLUTIONS LLC,G2 CONSULTING GROUP LLC,TRILEAF,100.0,0.35,Oakland,- | HRR | MDG# 5000379811 | NG# 13002 | H:1,617467532,Colocation,MIK GREENFIELD_12 MI_RELHR,RELHR,0,42.504003,-83.210778,W 12 Mile Road,Southfield,MI,Oakland,,48076,06/02/2025,"VZ-00605782.E.9111,VZ-00605782.C.9111",,,,,,,,,,,,,
,Parker Kenneth,8323 BAY CITY NORTH RELHR,Active,5000981242,17333790,07/30/2027,2028,,,,,07/30/2027,,,,,,,,,,,,,,,,,,,,,,,,,Completed,,,McMillen Peter,SMARTLINK LLC,Raw Land,RL,Raw Land,03/31/2026,,,03/31/2026,03/31/2026,04/07/2026,04/01/2026,04/01/2026,,,,,05/11/2026,05/22/2026,05/22/2026,05/22/2026,,,,,,,,,,,,,,,,,,,,,,,,,,,,,,,,,,,,,,ACTIVE,,,,,,,,,,,,,,,,,,,,,,AT&T,,NPV Approved,,,ACTIVE,,ACTIVE,INACTIVE,,,,,,,,,,,,,2,12/31/2027,ATC,Bay City North,13608,5000303623,139673,,,,,Wehsollek Alyson,Kashima Milton,milton.kashima@verizonwireless.com,kenneth.parker@verizonwireless.com,Palanjian Anna,anna.palanjian@verizonwireless.com,Cox Renee,renee.cox@verizonwireless.com,Straight Jackie,jackie.straight@verizonwireless.com,Mendoza Maryset,maryset.mendoza@verizonwireless.com,Mchua Ernesto,,Suhajda Bruce,bruce.suhajda@verizonwireless.com,,,Meyer Taylor,Laura Christensen,Obrien Jason,,MIDWESTERN CONSULTING INC,TOWER ENGINEERING SOLUTIONS LLC,G2 CONSULTING GROUP LLC,TRILEAF,226.0,0.5,Bay,- | HRR | MDG# 5000303623 | NG# 13608 | H:2,617467305,Raw Land,MIK BAY CITY NORTH_RELHR,RELHR,0,43.628088,-83.870211,3933 Patterson Rd,Bay City,MI,Bay,,48706,06/02/2025,"VZ-00613330.E.9111,VZ-00613330.C.9111",,,,,,,,Pipeline,,,,HRR - Exhaust,
,Parker Kenneth,8324 BAY CITY SOUTH RELHR,Active,5000982372,17333781,07/30/2027,2028,,,,Verizon,07/30/2027,,07/30/2027,,,,,,,,,,,,,,,,,,,,,,,Completed,,,McMillen Peter,SMARTLINK LLC,Raw Land,RL,Raw Land,02/10/2026,Maybe,,02/10/2026,02/26/2026,03/05/2026,03/03/2026,03/30/2026,,,,,06/16/2026,05/15/2026,,,,,,,,,,,,,,,,,,,,,,,,,,,,,,,,,,,,,,,,ACTIVE,,,,,,,,,,,,,,,,,,,,,,AT&T,,NPV Approved,,,ACTIVE,,ACTIVE,INACTIVE,,,,,,,,,,,,,1,12/31/2027,ATC,Bay City South,13012,5000302585,139696,,,,,Wehsollek Alyson,Kashima Milton,milton.kashima@verizonwireless.com,kenneth.parker@verizonwireless.com,Palanjian Anna,anna.palanjian@verizonwireless.com,Cox Renee,renee.cox@verizonwireless.com,Straight Jackie,jackie.straight@verizonwireless.com,Mendoza Maryset,maryset.mendoza@verizonwireless.com,Mchua Ernesto,,Suhajda Bruce,bruce.suhajda@verizonwireless.com,,,Meyer Taylor,Laura Christensen,Obrien Jason,,MIDWESTERN CONSULTING INC,TOWER ENGINEERING SOLUTIONS LLC,G2 CONSULTING GROUP LLC,TRILEAF,180.0,0.75,Bay,- | HRR | MDG# 5000302585 | NG# 13012 | H:1,617467300,Raw Land,MIK BAY CITY SOUTH_RELHR,RELHR,0,43.604154,-83.952863,E N Union Road -- S 3 Mile Road,Bay City,MI,Bay,,48706,08/26/2025,"VZ-00612400.E.9111,VZ-00612400.C.9111",,,,,,,,Pipeline,,,,HRR - Exhaust,
,Parker Kenneth,8364 I94 PORTAGE RELHR,Active,5000981239,17333780,06/30/2027,2027,,,,Verizon,06/30/2027,,06/30/2027,,,,,,,,,No,,,,,,,,,,,,,,Completed,,,Rodriguez Amy,TELECAD WIRELESS SITE DESIGN INC,Raw Land,RL,Raw Land,09/30/2025,,,10/21/2025,10/23/2025,10/30/2025,10/28/2025,12/02/2025,,,,,10/28/2025,05/19/2026,05/19/2026,05/19/2026,,,Yes,HRR Cost Approved,06/12/2026,,,05/27/2026,06/30/2026,07/20/2026,06/30/2026,,,,,,,,,,,,,,,,,,,,,,,,,,,ACTIVE,,,,,,,,,,,,,,,,,,,,,,PENDING VENDOR REVIEW,,RFP / RFI Posted,,,ACTIVE,,ACTIVE,INACTIVE,,Yes,,,,,,,,,,,2,12/31/2027,ATC,I-94 & Portage   MI-2475,102243,5000301046,161310,,,,,Wehsollek Alyson,Kashima Milton,milton.kashima@verizonwireless.com,kenneth.parker@verizonwireless.com,Palanjian Anna,anna.palanjian@verizonwireless.com,Cox Renee,renee.cox@verizonwireless.com,Straight Jackie,jackie.straight@verizonwireless.com,Mendoza Maryset,maryset.mendoza@verizonwireless.com,Raikhal Neal,,Haddad Gabriel,gabriel.haddad@verizonwireless.com,,,Meyer Taylor,Laura Christensen,Obrien Jason,,TELECAD WIRELESS SITE DESIGN INC,TOWER ENGINEERING SOLUTIONS LLC,G2 CONSULTING GROUP LLC,TRILEAF,190.0,1.0,Jackson,- | HRR | MDG# 5000301046 | NG# 102243 | H:2,617467312,Raw Land,MIK I94_PORTAGE_RELHR,RELHR,2027,42.290633,-84.247206,9259 Knight Road,Grass Lake,MI,Jackson,,49240,06/02/2025,"VZ-00605753.E.9111,VZ-00605753.C.9111",,,,,,,,Next POR,,,,,
,Parker Kenneth,LV WACO RELHR,Active,5000975580,17333765,01/29/2027,2027,,,Waco,Harmoni,01/29/2027,,01/29/2027,,,,,,12/07/2026,,,Yes,02/26/2027,,,,,,,,,,,,,Completed,,Harmoni Tower,"Rodrigues Crystal,Smith Emily","HARMONI TOWERS LLC, TELECAD WIRELESS SITE DESIGN INC",Build to Colocate,COLO,Build to Colocate,03/20/2025,No,,03/20/2025,03/24/2025,03/31/2025,04/01/2025,05/14/2025,04/07/2025,,,,04/09/2025,06/25/2025,06/25/2025,06/25/2025,,,Yes,HRR Cost Approved,02/09/2026,02/04/2026,03/17/2025,05/28/2026,02/09/2026,02/04/2026,07/20/2026,,02/12/2026,05/14/2026,06/19/2026,,05/13/2026,05/13/2026,06/22/2026,06/18/2026,07/06/2026,,,,,,,,120,,,05/14/2026,05/28/2026,05/14/2026,05/28/2026,04/13/2026,04/13/2026,COMPLETED,,Yes,,,,,,,,06/30/2026,,,,08/03/2026,,,,,,,,AT&T,,NPV Approved,,,ACTIVE,,ACTIVE,INACTIVE,,Yes,05/28/2026,,,,,,,,,,2,12/31/2027,ATC,Waco,250777,5000285192,193810,,,,,Wehsollek Alyson,Kashima Milton,milton.kashima@verizonwireless.com,kenneth.parker@verizonwireless.com,Cox Renee,renee.cox@verizonwireless.com,Palanjian Anna,anna.palanjian@verizonwireless.com,Straight Jackie,jackie.straight@verizonwireless.com,Mendoza Maryset,maryset.mendoza@verizonwireless.com,Belcher Steven,,Anthony Dalton,anthony.dalton@verizonwireless.com,,,Collins David,Kunz Dale,Obrien Jason,,GLAUS PYLE SCHOMER BURNS & DEHAVEN,,TRILEAF,,270.0,0.5,Madison,- | HRR | MDG# 5000285192 | NG# 250777 | H:2,617467284,Colocation,MIK LV WACO_RELHR,RELHR,2027,37.750434,-84.168059,280 Kennedy Lane,Richmond,KY,Madison,,40475,03/17/2025,VZ-00564061.E.9119,,,,,,,,Next POR,,2027 HRR,Real Estate,HRR,
1 HIGHEST Priority,Parker Kenneth,8373 LAKEPORT RELHR,Active,5000982364,17333759,02/26/2027,2027,,,,Port Huron Radio Company,02/26/2027,,02/26/2027,,,,,,,,,No,,,,,,,,,,,,,,Completed,,,Rodriguez Amy,TELECAD WIRELESS SITE DESIGN INC,Colocation,COLO,Co-Location,08/29/2025,No,,09/16/2025,09/17/2025,09/24/2025,09/18/2025,09/18/2025,10/02/2025,,,,06/03/2026,05/28/2026,,,01/30/2026,01/16/2026,Not Needed,HRR Cost Approved,04/06/2026,04/01/2026,,,,02/16/2026,,,,,,,,,,,,11/21/2025,11/21/2025,11/24/2025,02/09/2026,02/16/2026,02/10/2026,Pass,,03/16/2026,,,,,,,,ACTIVE,,Yes,,,,Propane,,,,,05/20/2026,,,,,,,,,,,AT&T,,NPV Approved,,,ACTIVE,,ACTIVE,INACTIVE,,,,,,,,,,,,,2,12/31/2027,ATC,Lakeport,14828,5000300496,138815,,,,,Wehsollek Alyson,Kashima Milton,milton.kashima@verizonwireless.com,kenneth.parker@verizonwireless.com,Palanjian Anna,anna.palanjian@verizonwireless.com,Cox Renee,renee.cox@verizonwireless.com,Straight Jackie,jackie.straight@verizonwireless.com,Mendoza Maryset,maryset.mendoza@verizonwireless.com,Zhou Xiangmin,,Qadome Maher,maher.qadome@verizonwireless.com,,,Meyer Taylor,Laura Christensen,Obrien Jason,,TELECAD WIRELESS SITE DESIGN INC,TOWER ENGINEERING SOLUTIONS LLC,G2 CONSULTING GROUP LLC,TRILEAF,150.0,0.5,St. Clair,- | HRR | MDG# 5000300496 | NG# 14828 | H:2,617467278,Colocation,MIK LAKEPORT_RELHR,RELHR,2027,43.069137,-82.479858,Brace Road,Fort Gratiot,MI,St. Clair,,48059,08/26/2025,"VZ-00612394.E.9111,VZ-00612394.C.9111",,,,,,,,Next POR,,,,HRR - Exhaust,
1 HIGHEST Priority,Parker Kenneth,8339 COMMERCE RELHR,Active,5000982355,17333753,,2028,,,,,,,,,,,,,,,,,,,,,,,,,,,,,,Search,,,Rodriguez Amy,TELECAD WIRELESS SITE DESIGN INC,Raw Land,RL,Raw Land,04/30/2026,,,07/11/2026,07/16/2026,07/23/2026,,,,,,,,,,,,,,,,,,,,,,,,,,,,,,,,,,,,,,,,,,,,,,,,INACTIVE,,,,,,,,,,,,,,,,,,,,,,,,,01/01/1900,01/01/1900,N/A,,INACTIVE,INACTIVE,,,,,,,,,,,,,1,12/31/2027,ATC,906 Commerce,105068,5000182236,139189,,,,16714.73,Wehsollek Alyson,Kashima Milton,milton.kashima@verizonwireless.com,kenneth.parker@verizonwireless.com,Palanjian Anna,anna.palanjian@verizonwireless.com,Cox Renee,renee.cox@verizonwireless.com,Straight Jackie,jackie.straight@verizonwireless.com,Mendoza Maryset,maryset.mendoza@verizonwireless.com,Zou Yuping,,Brown Jerelyn,jerelyn.brown@verizonwireless.com,,,,Ferguson Bryan,Obrien Jason,,TELECAD WIRELESS SITE DESIGN INC,TOWER ENGINEERING SOLUTIONS LLC,G2 CONSULTING GROUP LLC,TRILEAF,160.0,0.5,Oakland,- | HRR | MDG# 5000182236 | NG# 105068 | H:1,617467266,,MIK COMMERCE_RELHR,RELHR,2026,42.594744,-83.502283,,COMMERCE TOWNSHIP,MI,Oakland,,48382,08/26/2025,"VZ-00612393.E.9111,VZ-00612393.C.9111",,,,,,,,,,,,,
1 HIGHEST Priority,Parker Kenneth,8395 NORTH BRADLEY RELHR,Active,5000979804,17333734,06/30/2027,2027,,,,Verizon,06/30/2027,,,,,,,,,,,,,,,,,,,,,,,,,Completed,,,"Babich Austin,Varney Benjamin",PYRAMID NETWORK SERVICES LLC,Raw Land,RL,Raw Land,03/28/2026,,,03/28/2026,03/30/2026,03/31/2026,03/30/2026,03/30/2026,04/06/2026,,,,04/06/2026,05/22/2026,05/22/2026,05/22/2026,,01/01/1900,,,08/28/2026,,,,,,,,,,,,,,,,,,,,,,,,,,,,,,,,,ACTIVE,,,,,,,,,,,,01/01/1900,,,,,,,,,,SPECTRUM,,NPV Active,,,ACTIVE,,ACTIVE,INACTIVE,,,,,,,,,,,,,2,12/31/2027,ATC,North Bradley,104653,5000244423,139684,,,,$11084.63,Wehsollek Alyson,Kashima Milton,milton.kashima@verizonwireless.com,kenneth.parker@verizonwireless.com,Palanjian Anna,anna.palanjian@verizonwireless.com,Cox Renee,renee.cox@verizonwireless.com,Straight Jackie,jackie.straight@verizonwireless.com,Mendoza Maryset,maryset.mendoza@verizonwireless.com,Mchua Ernesto,,Suhajda Bruce,bruce.suhajda@verizonwireless.com,,,Meyer Taylor,Laura Christensen,Obrien Jason,,MIDWESTERN CONSULTING INC,,,,250.0,1.0,Midland,- | HRR | MDG# 5000244423 | NG# 104653 | H:2,617467255,Raw Land,MIK NORTH BRADLEY_RELHR,RELHR,2027,43.721211,-84.486044,3860 N Castor Rd-NEAREST,Coleman,MI,Midland,,48618,08/26/2025,"VZ-00592320.E.9111,VZ-00592320.C.9111",,,,,,,,Next POR,,,,HRR - Exhaust,
,Parker Kenneth,8318 7 MI SOUTHFIELD RELHR,Active,5000982354,17333732,,2028,,,,,,,,,,,,,,,,,,,,,,,,,,,,,,Completed,,,Babich Austin,PYRAMID NETWORK SERVICES LLC,Rooftop,RL,Rooftop,03/31/2026,,,03/31/2026,04/06/2026,04/13/2026,04/08/2026,04/08/2026,09/24/2025,,,,05/11/2026,05/19/2026,05/18/2026,05/19/2026,,01/01/1900,,,08/28/2026,,,,,,,,,,,,,,,,,,,,,,,,,,,,,,,,,ACTIVE,,,,,,,,,,,,,,,,,,,,,,OneFiber,05/11/2026,RFP / RFI Posted,,,ACTIVE,,ACTIVE,INACTIVE,,,,,,,,,,,,,2,12/31/2027,ATC,7 Mile & Southfield  MI-921R,78458,5000219434,160524,,,,,Wehsollek Alyson,Kashima Milton,milton.kashima@verizonwireless.com,kenneth.parker@verizonwireless.com,Palanjian Anna,anna.palanjian@verizonwireless.com,Cox Renee,renee.cox@verizonwireless.com,Straight Jackie,jackie.straight@verizonwireless.com,Mendoza Maryset,maryset.mendoza@verizonwireless.com,Ayoub Nabil,,Brown Jerelyn,jerelyn.brown@verizonwireless.com,,,Meyer Taylor,Ferguson Bryan,Obrien Jason,,GEN7 HOLDINGS LLC,TOWER ENGINEERING SOLUTIONS LLC,G2 CONSULTING GROUP LLC,TRILEAF,100.0,0.35,Wayne,- | HRR | MDG# 5000219434 | NG# 78458 | H:2,617467254,Colocation,MIK 7 MI_SOUTHFIELD_RELHR,RELHR,0,42.430308,-83.239758,19101 Evergreen Rd-NEAREST,Detroit,MI,Wayne,,48219,08/26/2025,"VZ-00612392.E.9111,VZ-00612392.C.9111",,,,,,,,Pipeline,,,,HRR - Exhaust,
,Parker Kenneth,8315 KAWKAWLIN EAST RELHR,Active,5000982320,17333669,,2028,,,,Verizon,,,,,,,,,,,,,,,,,,,,,,,,,,Completed,,,McMillen Peter,SMARTLINK LLC,Raw Land,RL,Raw Land,02/09/2026,Maybe,,02/09/2026,02/26/2026,03/05/2026,03/24/2026,03/30/2026,,,,,06/25/2026,04/13/2026,,,,,,,,,,,,,,,,,,,,,,,,,,,,,,,,,,,,,,,,ACTIVE,,,,,,,,,,,,,,,,,,,,,,AT&T,,NPV Approved,,,ACTIVE,,ACTIVE,INACTIVE,,,,,,,,,,,,,1,12/31/2027,ATC,Kawkawlin East   MI-278,73087,5000045067,175734,,,,,Wehsollek Alyson,Kashima Milton,milton.kashima@verizonwireless.com,kenneth.parker@verizonwireless.com,Palanjian Anna,anna.palanjian@verizonwireless.com,Cox Renee,renee.cox@verizonwireless.com,Straight Jackie,jackie.straight@verizonwireless.com,Mendoza Maryset,maryset.mendoza@verizonwireless.com,Mchua Ernesto,,Suhajda Bruce,bruce.suhajda@verizonwireless.com,,,Meyer Taylor,Laura Christensen,Obrien Jason,,MIDWESTERN CONSULTING INC,TOWER ENGINEERING SOLUTIONS LLC,G2 CONSULTING GROUP LLC,TRILEAF,261.0,1.0,Bay,- | HRR | MDG# 5000045067 | NG# 73087 | H:1,617467238,Raw Land,KAWKAWLIN EAST_RELHR,RELHR,0,43.66643,-83.946385,2600 East Beaver Road,Kawkawlin,MI,Bay,,48631,08/26/2025,VZ-00612222.E.9111,,,,,,,,Pipeline,,,,,
,Parker Kenneth,8326 BELLAIRE RELHR,Active,5000974828,17333662,11/15/2026,2027,,,Lake of the Woods,Towerking,11/15/2026,,12/31/2026,,,,,,,,,Yes,09/30/2026,,12/31/2026,,,,,,,,,,,Completed,,,Rodriguez Amy,TELECAD WIRELESS SITE DESIGN INC,Build to Colocate,COLO,Build to Colocate,05/02/2025,No,,05/02/2025,05/05/2025,05/12/2025,05/05/2025,06/25/2025,05/19/2025,,,,06/20/2025,06/20/2025,06/20/2025,06/20/2025,,06/27/2025,Not Needed,HRR Cost Approved,,,,,,,,,,,,12/26/2025,,07/02/2026,08/14/2026,,08/31/2026,,,,,,,,120,,,,,,,07/23/2026,07/23/2026,COMPLETED,,No,,,,Propane,,,,07/31/2026,,,,,,,,,,,,PENDING VENDOR REVIEW,,RFP / RFI Posted,,,ACTIVE,,ACTIVE,INACTIVE,No Date Restrictions / Refer to NEPA Special Requirements Included in Completed NEPA Analysis,,,,,10/30/2026,,,,,,,1,12/31/2027,ATC,Bellaire    MI-3091,248766,5000021176,167169,,,,,Wehsollek Alyson,Kashima Milton,milton.kashima@verizonwireless.com,kenneth.parker@verizonwireless.com,Palanjian Anna,anna.palanjian@verizonwireless.com,Cox Renee,renee.cox@verizonwireless.com,Straight Jackie,jackie.straight@verizonwireless.com,Mendoza Maryset,maryset.mendoza@verizonwireless.com,Brennecke Phillip,,Peters Troy A,troy.peters@verizonwireless.com,,,Meyer Taylor,Butt Atif,Obrien Jason,,TELECAD WIRELESS SITE DESIGN INC,TOWER ENGINEERING SOLUTIONS LLC,"ENVIROBUSINESS INC, G2 CONSULTING GROUP LLC",TRILEAF,190.0,1.0,Antrim,- | HRR | MDG# 5000021176 | NG# 248766 | H:1,617467235,Colocation,MIK BELLAIRE_RELHR,RELHR,2027,44.89815,-85.1864,4741 Alden Hwy,Mancelona,MI,Antrim,,49659,03/04/2025,"VZ-00559146.E.9111,VZ-00559146.C.9111",,,,,,,,Next POR,,2026 watch,Real Estate,HRR,
,Parker Kenneth,8330 BRECKENRIDGE RELHR,Active,5000982328,17333648,02/26/2027,2027,,,,Verizon,02/26/2027,,02/26/2027,,,,,,,,,No,,,,,,,,,,,,,,Completed,,,Rodriguez Amy,TELECAD WIRELESS SITE DESIGN INC,Raw Land,RL,Raw Land,08/11/2025,,,08/11/2025,08/12/2025,08/19/2025,08/18/2025,08/21/2025,08/28/2025,,,,09/12/2025,06/10/2026,06/10/2026,06/10/2026,,,Yes,HRR Cost Approved,02/27/2026,02/09/2026,,05/27/2026,03/13/2026,05/27/2026,,06/17/2026,,,,,,,,,,,,,,,,,,,,,,,,,,ACTIVE,,,,,,,,,,06/10/2026,06/08/2026,,,08/14/2026,,,,,,,,PENDING VENDOR REVIEW,,RFP / RFI Posted,,,ACTIVE,,ACTIVE,INACTIVE,,Yes,05/26/2026,06/25/2026,,,,,,,,,2,12/31/2027,ATC,,109166,5000049716,247445,,,,,Wehsollek Alyson,Kashima Milton,milton.kashima@verizonwireless.com,kenneth.parker@verizonwireless.com,Palanjian Anna,anna.palanjian@verizonwireless.com,Cox Renee,renee.cox@verizonwireless.com,Straight Jackie,jackie.straight@verizonwireless.com,Mendoza Maryset,maryset.mendoza@verizonwireless.com,Brennecke Phillip,,Korry Bedore,korry.bedore@verizonwireless.com,,,Meyer Taylor,Laura Christensen,Obrien Jason,,TELECAD WIRELESS SITE DESIGN INC,TOWER ENGINEERING SOLUTIONS LLC,G2 CONSULTING GROUP LLC,TRILEAF,250.0,1.0,Gratiot,- | HRR | MDG# 5000049716 | NG# 109166 | H:2,617467168,Raw Land,MIK BRECKENRIDGE_RELHR,RELHR,2027,43.404076,-84.460366,190 Enterprise Dr,Breckenridge,MI,Gratiot,,48615,08/26/2025,"VZ-00612231.E.9165,VZ-00612231.C.9165",,,,,,,,Next POR,,,,HRR - Exhaust,
,Parker Kenneth,CK Austin Tracey RELHR Negotiation,Active,5000947930,17228861,,2027,,,,Verizon,,,11/11/2026,,,,,,,,,No,,,,,,,,,,,,,,RENO Only - RELO Exhaust,,,Pike Tamara,CHARLIE CRAIG & ASSOCIATES LLC,,RENO,Negotiation,10/23/2024,,,10/23/2024,10/23/2024,10/30/2024,10/24/2024,02/14/2025,11/06/2024,,,,03/18/2025,05/06/2026,05/06/2026,05/06/2026,,,,,,,,,,,,,,,,,,,,,,,,,,,,,,,,,,,,,,ACTIVE,,,,,Yes,,,,,,,,,,,,,,,,,NOT NEEDED,,RFP / RFI Posted,,,ACTIVE,,ACTIVE,INACTIVE,,Yes,,,,,,,,,,,Not a Tillman Project (3rd Party SAC),08/20/2029,Sm/Med TowerCo,Austin Tracey,210500,5000168390,679310,,,,,Wehsollek Alyson,Kashima Milton,milton.kashima@verizonwireless.com,kenneth.parker@verizonwireless.com,Cox Renee,renee.cox@verizonwireless.com,Palanjian Anna,anna.palanjian@verizonwireless.com,Straight Jackie,jackie.straight@verizonwireless.com,Mendoza Maryset,maryset.mendoza@verizonwireless.com,Belcher Steven,,Knox Christopher,christopher.knox@verizonwireless.com,,,Collins David,Kunz Dale,Obrien Jason,,BOWMAN CONSULTING GROUP LTD,TOWER ENGINEERING SOLUTIONS LLC,ENVIROBUSINESS INC,ENVIROBUSINESS INC,195.0,1.0,Barren,- | HRR | MDG# 5000168390 | NG# 210500 | T:Y,617437529,Raw Land,CK Austin Tracey_RELHR,RELHR,2027,36.852556,-86.052619,Scottsville Road,Lucus,KY,Barren,,42156,08/09/2024,"VZ-00256003.E.9111,VZ-00256003.C.9111",,,,,,,,Next POR,,2026 - HRR Real Estate Only,Real Estate,HRR - Renegotiation,
1 HIGHEST Priority,Parker Kenneth,CK CONLEY BOTTOM RELHR,Active,5000914287,17217380,01/30/2027,2027,,,TI-OPP-24839,Tillman,01/30/2027,,05/15/2027,,,,,,,,,Yes,01/30/2027,,,,,,,,,,,,,Completed,,Tilman,Matthews Larry,TILLMAN INFRASTRUCTURE LLC,Build to Colocate,COLO,Build to Colocate,11/26/2024,No,,11/26/2024,11/26/2024,12/03/2024,12/06/2024,12/06/2024,12/12/2023,,,,03/18/2025,05/06/2026,05/06/2026,05/06/2026,,,Yes,HRR Cost Approved,02/14/2025,,05/15/2024,05/15/2024,07/02/2024,07/02/2024,,,,,,,05/06/2026,,06/01/2026,,,,,,,,,,Windloading - use 120 inches,,,,,,,04/21/2026,04/21/2026,COMPLETED,,Yes,,,Yes,Diesel,,,,08/14/2026,,11/30/2025,,,,,,,,,,MICROWAVE,07/13/2026,RFP / RFI Posted,,,ACTIVE,,ACTIVE,INACTIVE,,,,,,,,,,,,,9,02/05/2031,ATC,Conley Bottom,211125,5000169316,679318,36.95175,-84.8205,,,Wehsollek Alyson,Kashima Milton,milton.kashima@verizonwireless.com,kenneth.parker@verizonwireless.com,Cox Renee,renee.cox@verizonwireless.com,Cox Renee,renee.cox@verizonwireless.com,Straight Jackie,jackie.straight@verizonwireless.com,Mendoza Maryset,maryset.mendoza@verizonwireless.com,Belcher Steven,Sharp Jared,Anthony Dalton,anthony.dalton@verizonwireless.com,,,Collins David,Kunz Dale,Obrien Jason,,"GLAUS PYLE SCHOMER BURNS & DEHAVEN, TILLMAN INFRASTRUCTURE LLC",TOWER ENGINEERING SOLUTIONS LLC,"ENVIROBUSINESS INC, TRILEAF",ENVIROBUSINESS INC,280.0,1.0,Wayne,- | HRR | 2024 | GL# 679318 | NG# 211125 | T:9 | BTS,617351579,Colocation,CK CONLEY BOTTOM_RELHR,RELHR,2027,36.942317,-84.805522,Hwy 1275,Monticello,KY,Wayne,763514,42633,01/04/2024,"VZ-00235071.E.9111,VZ-00235071.C.9111",,,,,,,,Next POR,BTS,2026 HRR,Real Estate,HRR,
1 HIGHEST Priority,Parker Kenneth,8225 WEST OAKS RELHR,Active,5000946880,17196604,12/31/2027,2028,,Crown,,Crown,12/31/2027,,,,,,,,,,,No,,,,,,,,,,,,,,Completed,,,Rodriguez Amy,TELECAD WIRELESS SITE DESIGN INC,Colocation,COLO,Co-Location Crown,01/13/2026,,,01/13/2026,01/22/2026,01/29/2026,02/20/2026,02/20/2026,04/06/2026,,,,,,,,,,,,09/09/1900,,,,,,,,,,,,,,,,,,,,,,,,,,,,,,,,,ACTIVE,,,,,,,,,,,,,,,,,,,,,,,,,,01/01/1900,N/A,,INACTIVE,INACTIVE,,,,,,,,,,,,,Not a Tillman Project (Crown),12/31/2027,ATC,West Oaks,13628,5000375489,138923,,,,,Wehsollek Alyson,Kashima Milton,milton.kashima@verizonwireless.com,kenneth.parker@verizonwireless.com,Palanjian Anna,anna.palanjian@verizonwireless.com,Cox Renee,renee.cox@verizonwireless.com,Straight Jackie,jackie.straight@verizonwireless.com,Mendoza Maryset,maryset.mendoza@verizonwireless.com,Ayoub Nabil,,Brown Jerelyn,jerelyn.brown@verizonwireless.com,,,Meyer Taylor,Laura Christensen,Obrien Jason,,TELECAD WIRELESS SITE DESIGN INC,TOWER ENGINEERING SOLUTIONS LLC,G2 CONSULTING GROUP LLC,TRILEAF,125.0,0.5,Oakland,- | HRR | MDG# 5000375489 | NG# 13628 | T:Y,617429940,Colocation,WEST OAKS_RELHR,RELHR,0,42.486635,-83.497013,45500 Grand River Ave,Novi,MI,Oakland,,48374,08/26/2025,"VZ-00414673.E.9111,VZ-00414673.C.9111",,,,,,,,Pipeline,,2027 -- ATC to Crown HRR,RE & Fiber,HRR - ATC to Crown,
1 HIGHEST Priority,Parker Kenneth,8289 11 MILE & I75 RELHR,Active,5000946874,17196596,02/28/2027,2027,,,,State of Michigan,02/28/2027,,02/28/2027,,,,,,,,,No,09/30/2026,,09/30/2026,,,,,,,,,,,Completed,,,Rodriguez Amy,TELECAD WIRELESS SITE DESIGN INC,Colocation,COLO,Co-Location,09/30/2025,,,09/12/2025,09/18/2025,09/25/2025,09/23/2025,09/25/2025,10/02/2025,,,,03/09/2026,05/12/2026,05/12/2026,05/12/2026,06/30/2026,,,,,,,,,,,,,,,,,,,,,,,07/23/2026,,,,,,,,,,,,,,ACTIVE,,,,,,,,,,,,,,,,,,,,,,OneFiber,10/23/2025,,,,ACTIVE,,ACTIVE,INACTIVE,,,,,,,,,,,,,Not a Tillman Project (Other BTS),12/31/2027,ATC,11 Mile & 75,13738,5000374115,138840,,,,$11058.39,Wehsollek Alyson,Kashima Milton,milton.kashima@verizonwireless.com,kenneth.parker@verizonwireless.com,Palanjian Anna,anna.palanjian@verizonwireless.com,Cox Renee,renee.cox@verizonwireless.com,Straight Jackie,jackie.straight@verizonwireless.com,Mendoza Maryset,maryset.mendoza@verizonwireless.com,Ayoub Nabil,,Brown Jerelyn,jerelyn.brown@verizonwireless.com,,,Meyer Taylor,Butt Atif,Obrien Jason,,TELECAD WIRELESS SITE DESIGN INC,TOWER ENGINEERING SOLUTIONS LLC,G2 CONSULTING GROUP LLC,TRILEAF,105.0,0.3,Oakland,- | HRR | MDG# 5000374115 | NG# 13738 | T:Y,617429959,Colocation,11 MILE_I75_RELHR,RELHR,2027,42.477319,-83.113231,TBD,TBD,MI,Oakland,,48067,08/26/2025,"VZ-00411593.E.9111,VZ-00411593.C.9111",,,,,,,,Next POR,Exhaust,2026 watch,Real Estate,HRR,
1 HIGHEST Priority,Parker Kenneth,8239 NORTHWESTERN HWY RELHR,Active,5000946845,17196585,02/26/2027,2027,,,,Verizon,02/26/2027,,02/26/2027,,,,,,,,,No,02/26/2027,,,,,,,,,,,,,Completed,,,Rodriguez Amy,TELECAD WIRELESS SITE DESIGN INC,Raw Land,RL,Raw Land,09/30/2025,Yes,Approved,09/23/2025,09/23/2025,,09/29/2025,12/05/2025,09/30/2025,,,,06/26/2026,05/06/2026,,,,,Not Needed,HRR Cost Approved,09/09/1900,,,,,02/16/2026,,,,,,,,,,,,,,,,,,,,,,,,,,,,ACTIVE,,,,,,,,,,06/16/2026,06/25/2026,01/01/1900,,,,,,,,,,VZW,07/10/2026,RFP / RFI Posted,,,ACTIVE,,ACTIVE,INACTIVE,,,,,,,,,,,,,2,12/31/2027,ATC,MTSO III - NORTHWESTERN HIGHWAY,13521,5000376069,138880,,,,,Wehsollek Alyson,Kashima Milton,milton.kashima@verizonwireless.com,kenneth.parker@verizonwireless.com,Palanjian Anna,anna.palanjian@verizonwireless.com,Cox Renee,renee.cox@verizonwireless.com,Straight Jackie,jackie.straight@verizonwireless.com,Mendoza Maryset,maryset.mendoza@verizonwireless.com,Ayoub Nabil,,Brown Jerelyn,jerelyn.brown@verizonwireless.com,,,Meyer Taylor,Laura Christensen,Obrien Jason,Obrien Jason,"MIDWESTERN CONSULTING INC, TELECAD WIRELESS SITE DESIGN INC",TOWER ENGINEERING SOLUTIONS LLC,G2 CONSULTING GROUP LLC,TRILEAF,105.0,0.3,Oakland,- | HRR | MDG# 5000376069 | NG# 13521 | T:Y,617429956,Raw Land,NORTHWESTERN HWY_RELHR,RELHR,2027,42.468586,-83.232642,24242 Northwestern Hwy,Southfield,MI,Oakland,,48075,08/26/2025,"VZ-00414433.E.9111,VZ-00414433.C.9111",,,,,,,,Next POR,Exhaust,,,,
1 HIGHEST Priority,Parker Kenneth,8267 FLINT SOUTH RELHR,Active,5000946865,17196240,02/27/2026,2026,POR,,MI-5194,"CTI Towers Assets II, LLC",02/27/2026,02/20/2026,02/06/2026,1210892.26,,,,,,,Yes,No,02/27/2026,02/20/2026,05/20/2026,06/01/2026,,,,,,,02/20/2026,17679090,,Completed,,,"Butler Zabrina,Rodriguez Amy","CTI TOWERS ASSETS II LLC, TELECAD WIRELESS SITE DESIGN INC",Build to Colocate,COLO,Co-Location,10/07/2024,No,,10/07/2024,10/07/2024,10/14/2024,10/14/2024,10/14/2024,10/21/2024,,,,08/13/2025,01/16/2026,01/16/2026,01/16/2026,,11/07/2024,Yes,HRR Cost Approved,,,,,,,,07/14/2025,,,,01/01/1900,,11/13/2024,01/17/2025,,,,07/02/2025,07/03/2025,07/23/2025,07/30/2025,07/29/2025,Pass,,12/20/2024,Pass,,,,,12/16/2025,12/16/2025,COMPLETED,,Yes,NEWKIRK ELECTRIC ASSOCIATES INC,"Klayko John,Koon Kevin,Riesberg Sara",,Diesel,,12/22/2025,12/22/2025,07/01/2025,07/01/2025,,12/23/2025,,,01/16/2026,02/10/2026,,,,,AT&T,01/30/2025,Contract Executed,,,ACTIVE,02/10/2026,COMPLETED,COMPLETED,N/A,No,01/01/1900,01/01/1900,,11/07/2025,10/08/2025,10/24/2025,10/29/2025,07/07/2026,,,Not a Tillman Project (SBA),12/31/2027,ATC,Flint South,13613,5000301973,139551,42.979722,-83.649722,,,Wehsollek Alyson,Kashima Milton,milton.kashima@verizonwireless.com,kenneth.parker@verizonwireless.com,Palanjian Anna,anna.palanjian@verizonwireless.com,Cox Renee,renee.cox@verizonwireless.com,Straight Jackie,jackie.straight@verizonwireless.com,Mendoza Maryset,maryset.mendoza@verizonwireless.com,Mchua Ernesto,Mchua Ernesto,Suhajda Bruce,bruce.suhajda@verizonwireless.com,,,Dale Rathbun Ii,Laura Christensen,Obrien Jason,,TELECAD WIRELESS SITE DESIGN INC,TOWER ENGINEERING SOLUTIONS LLC,G2 CONSULTING GROUP LLC,TRILEAF,150.0,0.5,Genesee,- | HRR | MDG# 5000301973 | NG# 13613 | T:Y,617429766,Colocation,FLINT SOUTH_RELHR,RELHR,2026,42.97916667,-83.63972222,3314 Iron Street,Burton,MI,Genesee,,48529,10/14/2024,"VZ-00413540.E.9111,VZ-00413540.C.9111",,,,,,,,POR,,2026 HRR,Power & Fiber,HRR,NEWKIRK ELECTRIC ASSOCIATES INC (5000018800)
,Parker Kenneth,8231 SILVER LAKE RELHR,Active,5000946841,17196179,11/15/2026,2027,,,Silver Lake,Towerking,11/15/2026,,12/31/2026,,,,,,,,,Yes,09/30/2026,,12/31/2026,,,,,,,,,,,Completed,,,Rodriguez Amy,TELECAD WIRELESS SITE DESIGN INC,Build to Colocate,COLO,Build to Colocate,02/11/2025,,,02/11/2025,02/12/2025,02/19/2025,02/24/2025,04/21/2025,,,,,01/09/2026,02/25/2026,02/25/2026,,,06/27/2025,Not Needed,HRR Cost Approved,,,,,05/13/2025,05/13/2025,,,,,,12/08/2025,,07/02/2026,08/31/2026,,08/31/2026,,,,,,,,,,,,,,09/17/2025,04/16/2026,04/16/2026,COMPLETED,"04/03/2026, 12/29/2025, 11/21/2025, 11/18/2025, 10/14/2025, 10/10/2025",Yes,,,,Propane,,,,07/31/2026,,,,,,,,,,,,FRONTIER,01/20/2026,Contract Executed,,,ACTIVE,,ACTIVE,INACTIVE,Tree Clearing Restriction:  The Action Will Not Include Tree Cutting/Trimming of Any KInd,Yes,,,,10/30/2026,,,,,,,Not a Tillman Project (3rd Party SAC),12/31/2027,ATC,Silver Lake,14861,5000300741,139748,,,,,Wehsollek Alyson,Kashima Milton,milton.kashima@verizonwireless.com,kenneth.parker@verizonwireless.com,Palanjian Anna,anna.palanjian@verizonwireless.com,Cox Renee,renee.cox@verizonwireless.com,Straight Jackie,jackie.straight@verizonwireless.com,Mendoza Maryset,maryset.mendoza@verizonwireless.com,Mchua Ernesto,,Cady Paul,paul.cady2@verizonwireless.com,,,Meyer Taylor,Butt Atif,Obrien Jason,,TELECAD WIRELESS SITE DESIGN INC,TOWER ENGINEERING SOLUTIONS LLC,"ENVIROBUSINESS INC, G2 CONSULTING GROUP LLC",TRILEAF,250.0,1.0,Oceana,- | HRR | MDG# 5000300741 | NG# 14861 | T:Y,617429737,Colocation,SILVER LAKE_RELHR,RELHR,2027,43.630894,-86.495167,8679 W Buchanan Road,Shelby,MI,Oceana,,49455,10/02/2024,"VZ-00411542.E.9243,VZ-00411542.C.9243",,,,,,,,Next POR,,2026 watch,Real Estate,HRR,
1 HIGHEST Priority,Parker Kenneth,GN Park 100 RELHR,Active,5000946838,17196085,06/30/2027,2027,,,812816,TowerCo,06/30/2027,,06/30/2027,,,,,,,,,No,,,,,,,,,,,,,,Completed,,,McMillen Peter,"SMARTLINK LLC, VERIZON",Colocation,COLO,Co-Location,01/07/2026,,,01/07/2026,01/23/2026,01/30/2026,01/28/2026,01/28/2026,,,,,07/09/2026,07/09/2026,07/09/2026,07/09/2026,,,,,,,,,,,,,,,,,,,,,,03/30/2026,03/30/2026,03/30/2026,04/10/2026,04/02/2026,04/02/2026,Pass,,05/01/2026,PASS,,,,,,,ACTIVE,,,,,Yes,,,,,,,,,,,,,,,,,,,,,01/01/1900,N/A,,ACTIVE,INACTIVE,,,,,,,,,,,,,2,12/31/2027,ATC,PARK 100,105627,5000167594,129919,,,,$11491.55,Wehsollek Alyson,Kashima Milton,milton.kashima@verizonwireless.com,kenneth.parker@verizonwireless.com,Cox Renee,renee.cox@verizonwireless.com,Cox Renee,renee.cox@verizonwireless.com,Straight Jackie,jackie.straight@verizonwireless.com,Mendoza Maryset,maryset.mendoza@verizonwireless.com,Maldonado Jessica,,Vashisht Raminder,raminder.vashisht@verizonwireless.com,,,Collins David,Kunz Dale,Obrien Jason,,GLAUS PYLE SCHOMER BURNS & DEHAVEN,TOWER ENGINEERING SOLUTIONS LLC,ENVIROBUSINESS INC,ENVIROBUSINESS INC,110.0,0.5,Marion,- | HRR | MDG# 5000167594 | NG# 105627 | T:Y,617429682,Colocation,GN Park 100_RELHR,RELHR,2027,39.878967,-86.25635,5401 West 71st Street,Indianapolis,IN,Marion,,46248,08/06/2025,"VZ-00411538.E.9149,VZ-00411538.C.9149",,,,,,,,Next POR,Exhaust,2027 HRR,RE & Fiber,HRR (to Crown),
,Parker Kenneth,8281 BISHOP AIRPORT RELHR,Active,5000946829,17196070,01/30/2027,2027,,State of Michigan SOM,,State of Michigan,01/30/2027,,01/30/2027,,,,,,,,,No,,,,,,,,,,,,,,Completed,,,"Babich Austin,Varney Benjamin",PYRAMID NETWORK SERVICES LLC,Colocation,COLO,Co-Location,12/19/2025,Yes,Approved,12/23/2025,12/29/2025,01/05/2026,12/29/2025,12/29/2025,01/12/2026,,,,05/08/2026,05/08/2026,05/08/2026,05/08/2026,,02/26/2026,,,01/01/1900,01/01/1900,,,,,,,,,,,01/01/1900,01/01/1900,01/01/1900,01/01/1900,,,,,,,,,,,,,,,,,,ACTIVE,,,,,,,,,,,06/21/2026,01/01/1900,,,,,,,,,,AT&T,,NPV Approved,,,ACTIVE,,ACTIVE,INACTIVE,,,,,,,,,,,,,1,12/31/2027,ATC,Bishop Airport,13443,5000302337,139544,,,,,Wehsollek Alyson,Kashima Milton,milton.kashima@verizonwireless.com,kenneth.parker@verizonwireless.com,Palanjian Anna,anna.palanjian@verizonwireless.com,Cox Renee,renee.cox@verizonwireless.com,Straight Jackie,jackie.straight@verizonwireless.com,Mendoza Maryset,maryset.mendoza@verizonwireless.com,Mchua Ernesto,Mchua Ernesto,Suhajda Bruce,bruce.suhajda@verizonwireless.com,,,Meyer Taylor,Laura Christensen,Obrien Jason,,MIDWESTERN CONSULTING INC,TOWER ENGINEERING SOLUTIONS LLC,G2 CONSULTING GROUP LLC,TRILEAF,120.0,0.5,Genesee,- | HRR | MDG# 5000302337 | NG# 13443 | H:1,617429678,Colocation,BISHOP AIRPORT_RELHR,RELHR,2027,42.984528,-83.73,3144 Ballenger Hwy-NEAREST,Flint,MI,Genesee,,48507,08/26/2025,"VZ-00411533.E.9111,VZ-00411533.C.9111",,,,,,,,Next POR,,,,,
1 HIGHEST Priority,Parker Kenneth,8275 CLARE RELHR,Active,5000946816,17195166,11/15/2026,2027,,,Suri Hill,Towerking,11/15/2026,,12/31/2026,,,,,,,,,Yes,09/30/2026,,12/31/2026,,,,,,,,,,,Completed,,,Rodriguez Amy,TELECAD WIRELESS SITE DESIGN INC,Build to Colocate,COLO,Build to Colocate,05/29/2025,No,,05/29/2025,05/29/2025,06/05/2025,06/03/2025,06/03/2025,06/12/2025,,,,06/19/2025,05/21/2026,05/21/2026,05/21/2026,,06/27/2025,Not Needed,HRR Cost Approved,,,,,06/04/2025,06/04/2025,,,,,02/27/2026,01/16/2026,,07/02/2026,08/31/2026,,08/31/2026,,,,,,,,,,,,,,,,,ACTIVE,04/01/2026,,,,,Diesel,,,,07/31/2026,,,,,,,,,,,,SPECTRUM,02/26/2026,Contract Executed,,,ACTIVE,,ACTIVE,INACTIVE,No Date Restrictions / NEPA Special Requirements Listed on Completed NEPA Analysis,,,,,10/30/2026,,,,,,,Not a Tillman Project (3rd Party SAC),12/31/2027,ATC,Clare MI-2023,67803,5000210941,167192,,,,,Wehsollek Alyson,Kashima Milton,milton.kashima@verizonwireless.com,kenneth.parker@verizonwireless.com,Palanjian Anna,anna.palanjian@verizonwireless.com,Cox Renee,renee.cox@verizonwireless.com,Straight Jackie,jackie.straight@verizonwireless.com,Mendoza Maryset,maryset.mendoza@verizonwireless.com,Mchua Ernesto,,Korry Bedore,korry.bedore@verizonwireless.com,,,Meyer Taylor,Butt Atif,Obrien Jason,,TELECAD WIRELESS SITE DESIGN INC,TOWER ENGINEERING SOLUTIONS LLC,"ENVIROBUSINESS INC, G2 CONSULTING GROUP LLC",TRILEAF,190.0,1.0,Clare,- | HRR | MDG# 5000210941 | NG# 67803 | T:Y,617429403,Colocation,CLARE_RELHR,RELHR,2027,43.857497,-84.780311,3394 Old Surrey Rd,Clare,MI,Clare,,48617,10/02/2024,"VZ-00411516.E.9111,VZ-00411516.C.9111",,,,,,,,Next POR,,2026 watch,Real Estate,,
,Parker Kenneth,8268 FARWELL NORTH RELHR,Active,5000946823,17195124,11/13/2026,2027,,,Farwell North,Harmoni,11/13/2026,,11/13/2026,2110745.10,,,,,09/14/2026,,Yes,Yes,12/21/2026,,12/21/2026,,,,,,,,,,,Completed,,Harmoni Tower,"Campagna Daniel,Marcelletti John,Rodrigues Crystal","HARMONI TOWERS LLC, PYRAMID NETWORK SERVICES LLC",Build to Colocate,COLO,Build to Colocate,08/06/2024,,,08/06/2024,08/09/2024,08/16/2024,08/19/2024,04/02/2025,08/23/2024,,,,03/25/2025,05/30/2025,05/21/2025,05/30/2025,,,Not Needed,HRR Cost Approved,04/11/2025,04/04/2025,12/12/2024,05/28/2026,02/25/2025,02/25/2025,05/23/2025,05/23/2025,03/14/2025,03/14/2025,06/10/2025,06/06/2025,06/17/2025,06/17/2025,07/18/2025,06/23/2025,08/08/2025,05/14/2026,07/10/2026,07/10/2026,07/20/2026,07/20/2026,07/20/2026,Pass,120,01/01/1900,NA,02/14/2025,02/14/2025,03/21/2025,03/05/2025,05/29/2025,05/29/2025,COMPLETED,,No,SKYTOWER LLC,McDonald Jake,,Propane,,08/12/2025,08/12/2025,05/20/2025,05/20/2025,01/01/1900,,06/09/2025,05/28/2026,06/09/2025,03/03/2026,,,,,SPECTRUM,01/16/2026,Contract Executed,,,ACTIVE,03/03/2026,COMPLETED,COMPLETED,N/A,Yes,05/28/2026,06/16/2026,,,,,,,,,Not a Tillman Project (Other BTS),12/31/2027,ATC,Farwell North MI-2021,66977,5000301884,167398,43.872469,-84.893956,,,Wehsollek Alyson,Kashima Milton,milton.kashima@verizonwireless.com,kenneth.parker@verizonwireless.com,Palanjian Anna,anna.palanjian@verizonwireless.com,Cox Renee,renee.cox@verizonwireless.com,Straight Jackie,jackie.straight@verizonwireless.com,Mendoza Maryset,maryset.mendoza@verizonwireless.com,Mchua Ernesto,,Korry Bedore,korry.bedore@verizonwireless.com,,,Meyer Taylor,Butt Atif,Obrien Jason,,MIDWESTERN CONSULTING INC,TOWER ENGINEERING SOLUTIONS LLC,"G2 CONSULTING GROUP LLC, TRILEAF",TRILEAF,250.0,1.0,Clare,- | HRR | MDG# 5000301884 | NG# 66977 | T:Y,617429366,Colocation,FARWELL NORTH_RELHR,RELHR,2027,43.865,-84.889028,8451 S Finley Lake Avenue,Farwell,MI,Clare,,48622,09/30/2024,"VZ-00411495.E.9111,VZ-00411495.C.9111",,,,,,,,Next POR,Exhaust,2026 watch,Real Estate,HRR,SKYTOWER LLC (5000020303)
,Parker Kenneth,8259 HOUGHTON LAKE RELHR,Active,5000946808,17195120,05/28/2027,2027,,,,Atlas,05/28/2027,,05/28/2027,,,,,,,,,No,,,,,,,,,,,,,,Completed,,,McMillen Peter,SMARTLINK LLC,Build to Colocate,COLO,Build to Colocate,10/30/2025,No,,10/08/2025,10/14/2025,10/21/2025,11/13/2025,12/16/2025,10/28/2025,,,,11/13/2025,05/21/2026,05/21/2026,05/21/2026,,,Yes,HRR Cost Approved,,,,,,,,,,,,,,,,,,,,,,,,,,,,,,,,,,ACTIVE,,,,,,,,,,,,01/01/1900,,,,,,,,,,PENDING VENDOR REVIEW,,RFP / RFI Posted,,,ACTIVE,,ACTIVE,INACTIVE,,,,,,,,,,,,,Not a Tillman Project (Other BTS),12/31/2027,ATC,Houghton Lake MI-3323,104106,5000096622,189972,,,,,Wehsollek Alyson,Kashima Milton,milton.kashima@verizonwireless.com,kenneth.parker@verizonwireless.com,Palanjian Anna,anna.palanjian@verizonwireless.com,Cox Renee,renee.cox@verizonwireless.com,Straight Jackie,jackie.straight@verizonwireless.com,Mendoza Maryset,maryset.mendoza@verizonwireless.com,Mchua Ernesto,,Peters Troy A,troy.peters@verizonwireless.com,,,Meyer Taylor,Laura Christensen,Obrien Jason,,MIDWESTERN CONSULTING INC,TOWER ENGINEERING SOLUTIONS LLC,G2 CONSULTING GROUP LLC,TRILEAF,150.0,1.0,Roscommon,- | HRR | MDG# 5000096622 | NG# 104106 | T:Y,617429356,Colocation,HOUGHTON LAKE_RELHR,RELHR,2027,44.340933,-84.809253,350 Michelson Road,Houghton Lake,MI,Roscommon,,48629,08/26/2025,VZ-00411490.E.9111,,,,,,,,Next POR,Exhaust,,,,
1 HIGHEST Priority,Parker Kenneth,8418 SUTTONS BAY RELHR,Active,5000958058,17195092,12/01/2026,2027,,,Suttons Bay,Harmoni,12/01/2026,,12/01/2026,,,,,,10/15/2026,,,Yes,12/01/2026,,11/30/2026,,,,,,,,,,,Completed,,Harmoni Tower,"Campagna Daniel,Marcelletti John,Rodrigues Crystal","HARMONI TOWERS LLC, PYRAMID NETWORK SERVICES LLC",Build to Colocate,COLO,Build to Colocate,08/06/2024,,,08/06/2024,08/09/2024,08/16/2024,08/21/2024,01/22/2025,08/23/2024,,,,01/06/2026,05/22/2026,05/22/2026,,,,Not Needed,HRR Cost Approved,02/21/2025,02/18/2025,12/12/2025,05/26/2026,01/31/2025,01/31/2025,07/20/2026,,02/07/2025,02/07/2025,07/25/2025,07/18/2025,06/17/2025,06/17/2025,07/18/2025,07/14/2025,06/04/2026,,,,,,,,120,,,01/21/2025,01/21/2025,02/28/2025,02/24/2025,04/20/2026,04/20/2026,COMPLETED,07/02/2025,Yes,,,Yes,Propane,,05/14/2026,05/14/2026,01/15/2026,01/15/2026,01/01/1900,,08/20/2026,,,,,,,,SPECTRUM,01/16/2026,Contract Executed,,,ACTIVE,,ACTIVE,INACTIVE,N/A,Yes,05/28/2026,,,,,,,,,,Not a Tillman Project (Other BTS),12/31/2027,ATC,Suttons Bay,88996,5000303168,206044,44.9362222,-85.636666,,,Wehsollek Alyson,Kashima Milton,milton.kashima@verizonwireless.com,kenneth.parker@verizonwireless.com,Palanjian Anna,anna.palanjian@verizonwireless.com,Cox Renee,renee.cox@verizonwireless.com,Straight Jackie,jackie.straight@verizonwireless.com,Mendoza Maryset,maryset.mendoza@verizonwireless.com,Brennecke Phillip,,Peters Troy A,troy.peters@verizonwireless.com,,,Meyer Taylor,Butt Atif,Obrien Jason,,MIDWESTERN CONSULTING INC,TOWER ENGINEERING SOLUTIONS LLC,"G2 CONSULTING GROUP LLC, TRILEAF",TRILEAF,180.0,1.0,Leelanau,- | HRR | MDG# 5000166620 | NG# 4396 | T:Y | BTS,617429350,Colocation,8418 SUTTONS BAY RELHR,RELHR,2027,44.93886,-85.632012,2943 S West-Bay Shore Drive,Suttons Bay,MI,Leelanau,,49682,09/09/2024,"VZ-00471584.E.9165,VZ-00471584.C.9165",,,,,,,,Next POR,,2026 HRR,Real Estate,HRR,
,Parker Kenneth,WS Twelve Points RELHR,Inactive,5000931808,17073258,10/15/2029,,,,,Verizon,10/15/2029,,10/15/2029,,,,,,,,N/A,No,,,,,,,,,,,,,,Completed,,,"Bates David,Potts Samantha,Smith Emily",TELECAD WIRELESS SITE DESIGN INC,Raw Land,RL,Raw Land,06/16/2023,,,06/28/2023,06/28/2023,07/05/2023,07/05/2023,09/04/2024,07/12/2023,,,,05/28/2024,,,,,,No,HRR Cost Approved,10/31/2024,,,08/21/2024,08/21/2024,08/21/2024,,,,,,,11/29/2024,,12/27/2024,,,,,,,,,,,,,,,,,,,ACTIVE,,,,,Yes,,,,,10/25/2024,,,,03/28/2025,,,,,,,,,,,,,INACTIVE,,ACTIVE,INACTIVE,,Yes,,,,,,,,,,,12,02/28/2030,ATC,WS Twelve Points,145130,5000047112,286960,,,,,Weigel Julia,Kashima Milton,milton.kashima@verizonwireless.com,kenneth.parker@verizonwireless.com,Cox Renee,renee.cox@verizonwireless.com,Palanjian Anna,anna.palanjian@verizonwireless.com,Ball Abigail,abigail.ball@verizonwireless.com,Mendoza Maryset,maryset.mendoza@verizonwireless.com,Ramirez Abundis Hector,,Vatti Babu,babu.vatti@verizonwireless.com,,,Grant James,Herndon Thomas,Obrien Jason,,ERS TOWER LLC,,,,150.0,0.4,Vigo,- | HRR | 2026 | GL# 286960 | NG# 145130 | T:12 | BTS,617390903,Colocation,WS Twelve Points_RELHR,RELHR,,39.48624,-87.41774,1680 N 1ST ST,Terre Haunte,IN,Vigo,,47804,,"VZ-00372113.E.9150,VZ-00372113.C.9150",,,,,,,,Inactive,Cancelled by Verizon,,Real Estate,,
1 HIGHEST Priority,Parker Kenneth,8180 STERLING RELHR,Active,5000931823,17073245,01/29/2027,2027,,,,State of Michigan,01/29/2027,,01/29/2027,1942847.63,,,,,,,,Yes,09/30/2026,,09/30/2026,,Yes,,03/03/2026,300000,,,,,,Completed,,,"McMillen Peter,Terry Drew",SMARTLINK LLC,Colocation,COLO,Co-Location,06/30/2023,No,,06/26/2023,06/28/2023,07/05/2023,07/05/2023,02/10/2025,07/12/2023,,,,04/20/2026,08/15/2025,,,,05/05/2025,Yes,HRR Cost Approved,,,,,,,,,,,,,,,,,02/28/2025,,09/23/2025,09/25/2025,10/02/2025,10/09/2025,10/09/2025,Pass,,05/12/2025,Fail,,,,,,,ACTIVE,,No,,,Yes,Propane,,,,,08/15/2025,,,,,,,,,,,EVERSTREAM,06/24/2025,Contract Executed,,,ACTIVE,,ACTIVE,INACTIVE,,,,,,,,,,,,,12,12/31/2027,ATC,STERLING,90244,5000095380,225458,44.086667,-84.087617,,,Wehsollek Alyson,Kashima Milton,milton.kashima@verizonwireless.com,kenneth.parker@verizonwireless.com,Palanjian Anna,anna.palanjian@verizonwireless.com,Cox Renee,renee.cox@verizonwireless.com,Straight Jackie,jackie.straight@verizonwireless.com,Mendoza Maryset,maryset.mendoza@verizonwireless.com,Mchua Ernesto,,Suhajda Bruce,bruce.suhajda@verizonwireless.com,,,Meyer Taylor,Laura Christensen,Obrien Jason,,SMARTLINK LLC,TOWER ENGINEERING SOLUTIONS LLC,,TRILEAF,215.0,1.0,Arenac,- | HRR | 2026 | GL# 225458 | NG# 90244 | T:12 | BTS,617390891,Colocation,STERLING_RELHR,RELHR,2027,44.077228,-84.084506,223 Bear Creek Road,Alger,MI,Arenac,,48659,04/18/2023,"VZ-00352794.E.9111,VZ-00352794.C.9111",,,,,,,,Next POR,Exhaust,2026 HRR,RE & Fiber,HRR,
,Parker Kenneth,CK Lincoln Home RELHR,Active,5000931838,17073212,09/30/2026,2027,,,,Verizon,09/30/2026,,09/30/2026,,Awaiting GEO,,,,,,,No,09/30/2026,,09/30/2026,,,,,,,,,,,Completed,,,"Bates David,Potts Samantha,Smith Emily",TELECAD WIRELESS SITE DESIGN INC,Raw Land,RL,Raw Land,08/16/2023,,,08/16/2023,09/06/2023,09/20/2023,09/07/2023,10/07/2024,,,,,04/21/2025,05/06/2026,05/06/2026,05/06/2026,,,Yes,HRR Cost Approved,02/28/2025,,09/03/2025,09/03/2025,10/27/2025,,,04/08/2026,,,,,,,,07/23/2026,08/07/2026,,,,,,,,,,,,,,,,,ACTIVE,,,,,Yes,,,,,,04/02/2026,,,08/28/2026,,,,,,,,AT&T,,NPV Approved,,,ACTIVE,,ACTIVE,INACTIVE,,Yes,,,,10/02/2026,,,,10/30/2026,,,12,12/31/2027,ATC,CK Lincoln Home,222011,5000168025,679809,37.5975,-85.667778,,,Wehsollek Alyson,Kashima Milton,milton.kashima@verizonwireless.com,kenneth.parker@verizonwireless.com,Cox Renee,renee.cox@verizonwireless.com,Palanjian Anna,anna.palanjian@verizonwireless.com,Straight Jackie,jackie.straight@verizonwireless.com,Mendoza Maryset,maryset.mendoza@verizonwireless.com,Belcher Steven,,Knox Christopher,christopher.knox@verizonwireless.com,,,Collins David,Kunz Dale,Obrien Jason,,TELECAD WIRELESS SITE DESIGN INC,TOWER ENGINEERING SOLUTIONS LLC,ENVIROBUSINESS INC,,260.0,1.0,Larue,- | HRR | 2026 | GL# 679809 | NG# 222011 | T:12 | BTS,617390866,Raw Land,CK Lincoln Home_RELHR,RELHR,2027,37.603962,-85.666621,1053 White City Rd,Hodgenville,KY,Larue,,42748-9552,04/18/2023,"VZ-00369595.E.9111,VZ-00369595.C.9111",,,,,,,,Next POR,Exhaust,2026 watch,Real Estate,HRR,
,Parker Kenneth,8192 DORR RELHR,Active,5000931789,17073205,01/31/2027,2027,,,Dorr,Towerking,01/31/2027,,04/15/2027,,,,,,,,,Yes,09/30/2026,,04/30/2027,,,,,,,,,,,Completed,,,Rodriguez Amy,TELECAD WIRELESS SITE DESIGN INC,Build to Colocate,COLO,Build to Colocate,05/29/2025,Maybe,,05/29/2025,05/29/2025,06/05/2025,06/23/2025,06/23/2025,06/12/2025,,,,06/25/2025,06/26/2025,06/26/2025,06/26/2025,,07/11/2025,Not Needed,HRR Cost Approved,,,,,,,,,,,06/01/2026,,,07/02/2026,10/30/2026,,08/31/2026,,,,,,,,,,,,,12/30/2025,12/10/2025,,,ACTIVE,,Yes,,,Yes,Propane,,,,07/31/2026,,,,,,,,,,,,PENINSULA FIBER NETWORK LLC,02/24/2026,Contract Executed,,,ACTIVE,,ACTIVE,INACTIVE,,Yes,,,,01/15/2027,,,,,,,12,12/31/2027,ATC,DORR,102324,5000023232,166385,,,,,Wehsollek Alyson,Kashima Milton,milton.kashima@verizonwireless.com,kenneth.parker@verizonwireless.com,Palanjian Anna,anna.palanjian@verizonwireless.com,Cox Renee,renee.cox@verizonwireless.com,Straight Jackie,jackie.straight@verizonwireless.com,Mendoza Maryset,maryset.mendoza@verizonwireless.com,Zou Yuping,,Stine Michael,michael.stine2@verizonwireless.com,,,Meyer Taylor,Butt Atif,Obrien Jason,,TELECAD WIRELESS SITE DESIGN INC,TOWER ENGINEERING SOLUTIONS LLC,"ENVIROBUSINESS INC, G2 CONSULTING GROUP LLC",TRILEAF,180.0,0.75,Allegan,- | HRR | 2026 | GL# 166385 | NG# 102324 | T:12 | BTS,617390863,Colocation,DORR_RELHR,RELHR,2027,42.728127,-85.671151,1261 142nd Ave,Wayland,MI,Allegan,,49348,08/09/2024,"VZ-00352723.E.9111,VZ-00352723.C.9111",,,,,,,,Next POR,Exhaust,2026 watch,Real Estate,,
1 HIGHEST Priority,Parker Kenneth,8195 WIXOM NORTH RELHR,Active,5000931785,17072932,,2028,,,,,,,,,,,,,,,,,,,,,,,,,,,,,,Search,,,Rodriguez Amy,TELECAD WIRELESS SITE DESIGN INC,,,,04/30/2026,,,,,12/15/2025,09/09/1900,,,,,,,,,,,,,,,,,,,,,,,,,,,,,,,,,,,,,,,,,,,,,,,INACTIVE,,,,,,,,,,,,,,,,,,,,,,OneFiber,02/16/2023,Contract Executed,,,ACTIVE,,INACTIVE,INACTIVE,,,,,,,,,,,,,12,12/31/2027,ATC,WIXOM NORTH,13853,5000374828,138806,,,,11205.64,Wehsollek Alyson,Kashima Milton,milton.kashima@verizonwireless.com,kenneth.parker@verizonwireless.com,Palanjian Anna,anna.palanjian@verizonwireless.com,Cox Renee,renee.cox@verizonwireless.com,Straight Jackie,jackie.straight@verizonwireless.com,Mendoza Maryset,maryset.mendoza@verizonwireless.com,Ayoub Nabil,,Brown Jerelyn,jerelyn.brown@verizonwireless.com,,,,Laura Christensen,Obrien Jason,,TELECAD WIRELESS SITE DESIGN INC,TOWER ENGINEERING SOLUTIONS LLC,G2 CONSULTING GROUP LLC,TRILEAF,150.0,0.5,Oakland,- | HRR | 2026 | GL# 138806 | NG# 13853 | T:12 | BTS,617390776,,WIXOM NORTH_RELHR,RELHR,0,42.540889,-83.500758,,WALLED LAKE,MI,Oakland,,48390,08/26/2025,"VZ-00352718.E.9111,VZ-00352718.C.9111",,,,,,,,,Exhaust,,,,
1 HIGHEST Priority,Parker Kenneth,8199 HUDSONVILLE RELHR,Active,5000931780,17072912,01/29/2027,2027,,Wireless Edge,,Wireless Edge,01/29/2027,,11/16/2026,,,,,,,,,Yes,11/16/2026,,,,,,,,,,,,,Completed,,,Varney Benjamin,PYRAMID NETWORK SERVICES LLC,Build to Colocate,COLO,Build to Colocate,08/30/2024,,,08/30/2024,09/16/2024,09/23/2024,09/16/2024,12/23/2024,09/30/2024,,,,02/19/2026,05/20/2026,05/20/2026,05/20/2026,,02/26/2026,,,01/01/1900,01/01/1900,,,,,,,,,,,01/01/1900,01/01/1900,01/01/1900,01/01/1900,07/31/2026,,,,,,,,,,,,,,,,,ACTIVE,06/15/2026,,,,Yes,Diesel,,,,,,,,,,,,,,,,OneFiber,02/16/2023,Contract Executed,,,ACTIVE,,ACTIVE,INACTIVE,,,,,,,,,,,,,12,12/31/2027,ATC,HUDSONVILLE - L,13099,5000300280,139461,42.861111,-85.879444,,$11541.67,Wehsollek Alyson,Kashima Milton,milton.kashima@verizonwireless.com,kenneth.parker@verizonwireless.com,Palanjian Anna,anna.palanjian@verizonwireless.com,Cox Renee,renee.cox@verizonwireless.com,Straight Jackie,jackie.straight@verizonwireless.com,Mendoza Maryset,maryset.mendoza@verizonwireless.com,Brennecke Phillip,,Cady Paul,paul.cady2@verizonwireless.com,,,Meyer Taylor,Laura Christensen,Obrien Jason,,"MIDWESTERN CONSULTING INC, TELECAD WIRELESS SITE DESIGN INC",TOWER ENGINEERING SOLUTIONS LLC,G2 CONSULTING GROUP LLC,TRILEAF,249.0,0.75,Ottawa,- | HRR | 2026 | GL# 139461 | NG# 13099 | T:12 | BTS,617390758,Colocation,HUDSONVILLE_RELHR,RELHR,2027,42.866717,-85.862897,3275 Central Blvd-NEAREST,Hudsonville,MI,Ottawa,,49426,09/30/2024,"VZ-00352706.E.9111,VZ-00352706.C.9111",,,,,,,,Next POR,Exhaust,2026 HRR,Real Estate,HRR,
1 HIGHEST Priority,Parker Kenneth,8221 BANCROFT RELHR,Active,5000931813,17072733,03/31/2027,2027,,,,Verizon,03/31/2027,,03/31/2027,,,,,,,,,No,,,,,,,,,,,,,,Completed,,,"Crane Renee,Rodriguez Amy","JONATHAN R CRANE PC, TELECAD WIRELESS SITE DESIGN INC",Raw Land,RL,Raw Land,09/30/2025,,,10/23/2025,10/23/2025,10/30/2025,11/12/2025,12/16/2025,11/26/2025,,,,12/16/2025,12/18/2025,12/18/2025,12/18/2025,,,Not Needed,HRR Cost Approved,04/20/2026,04/09/2026,03/03/2026,05/27/2026,03/13/2026,05/27/2026,,,,,,,,,,,,,,,,,,,,,,,,,,,,ACTIVE,,,,,Yes,,,,,06/19/2026,06/20/2026,,,,,,,,,,,PENDING VENDOR REVIEW,,RFP / RFI Posted,,,ACTIVE,,ACTIVE,INACTIVE,,Yes,,,,,,,,,,,12,12/31/2027,ATC,BANCROFT - L,13710,5000097063,139557,,,,,Wehsollek Alyson,Kashima Milton,milton.kashima@verizonwireless.com,kenneth.parker@verizonwireless.com,Palanjian Anna,anna.palanjian@verizonwireless.com,Cox Renee,renee.cox@verizonwireless.com,Straight Jackie,jackie.straight@verizonwireless.com,Mendoza Maryset,maryset.mendoza@verizonwireless.com,Mchua Ernesto,Mchua Ernesto,Suhajda Bruce,bruce.suhajda@verizonwireless.com,,,Meyer Taylor,Laura Christensen,Obrien Jason,,TELECAD WIRELESS SITE DESIGN INC,TOWER ENGINEERING SOLUTIONS LLC,G2 CONSULTING GROUP LLC,TRILEAF,250.0,1.0,Shiawassee,- | HRR | 2026 | GL# 139557 | NG# 13710 | T:12 | BTS,617390615,Raw Land,BANCROFT_RELHR,RELHR,2027,42.881735,-84.1205,7877 State Road,Bancroft,MI,Shiawassee,,48414,08/26/2025,"VZ-00352762.E.9111,VZ-00352762.C.9111",,,,,,,,Next POR,Exhaust,,,,
1 HIGHEST Priority,Parker Kenneth,8118 LUZERNE RELHR,Completed,5000913560,17043131,02/20/2026,2026,POR,,TI-OPP-21156,Tillman,03/02/2026,03/18/2026,02/20/2026,16927483.96,,,,,,,Yes,Yes,02/20/2026,02/23/2026,02/20/2026,02/23/2026,,,,,,,02/25/2026,17680621,,Completed,,Tilman,Matthews Larry,TILLMAN INFRASTRUCTURE LLC,Build to Colocate,COLO,Build to Colocate,12/12/2022,No,,12/12/2022,12/12/2022,,12/14/2022,12/14/2022,04/01/2024,,,,03/18/2026,10/10/2025,02/07/2025,04/13/2026,,,Yes,HRR Cost Approved,01/01/1900,01/01/1900,03/31/2023,03/31/2023,04/04/2023,04/04/2023,04/01/2024,04/22/2024,,,,05/29/2024,09/05/2023,09/05/2023,10/26/2023,10/26/2023,,,,01/18/2024,01/23/2024,02/09/2024,02/12/2024,Pass,Windloading - use 120 inches,11/17/2023,Pass,,,,,09/10/2025,09/10/2025,COMPLETED,08/19/2025,No,SKYTOWER LLC,McDonald Jake,Yes,Diesel,,10/20/2025,10/20/2025,05/08/2023,05/08/2023,,,05/10/2024,,04/22/2024,07/11/2024,,,,,EVERSTREAM,04/26/2024,Contract Executed,,06/03/2026,COMPLETED,07/11/2024,COMPLETED,COMPLETED,"Tree Clearing Restriction: Tree Clearing must Occur Outside of ""Pup"" Season from 06/01 through 07/31 / Compliant (sp not reviewed) NEPA Addendum May 29, 2024
LUZERNE_RELHR Client# TI-OPP-21156
3590 Legion Drive Luzerne, Oscoda County, MI 48636",NO,01/01/1900,01/01/1900,Permitting 30 days,02/15/2024,02/15/2024,02/15/2024,03/18/2026,05/13/2026,05/26/2026,,7,12/31/2027,ATC,Luzerne,89296,5000313042,247432,44.615228,-84.279339,,,Wehsollek Alyson,Kashima Milton,milton.kashima@verizonwireless.com,kenneth.parker@verizonwireless.com,Palanjian Anna,anna.palanjian@verizonwireless.com,Cox Renee,renee.cox@verizonwireless.com,Straight Jackie,jackie.straight@verizonwireless.com,Mendoza Maryset,maryset.mendoza@verizonwireless.com,Mchua Ernesto,,Peters Troy A,troy.peters@verizonwireless.com,,,Meyer Taylor,Laura Christensen,Obrien Jason,,TILLMAN INFRASTRUCTURE LLC,TOWER ENGINEERING SOLUTIONS LLC,TRILEAF,TRILEAF,197.0,0.75,Oscoda,- | HRR | 2025 | GL# 247432 | NG# 89296 | T:7 | BTS,617331952,Colocation,LUZERNE_RELHR,RELHR,2026,44.61404,-84.27533,3590 Legion DR  MI 48636,Luzerne,MI,Oscoda,734226,48636,03/02/2023,"VZ-00234123.E.9111,VZ-00234123.C.9111",,,,,,,,Completed,BTS,2026 HRR,On Air,HRR,SKYTOWER LLC (5000020303)
1 HIGHEST Priority,Parker Kenneth,CK Grider Hill A RELHR,Active,5000920191,17002284,01/09/2027,2027,,,TI-OPP-25873,Tillman,01/09/2027,,04/24/2027,,,,,,,,,Yes,11/28/2026,,,,,,,,,,,,,Completed,,Tilman,Matthews Larry,TILLMAN INFRASTRUCTURE LLC,Build to Colocate,COLO,Build to Colocate,09/22/2023,No,,09/22/2023,09/22/2023,05/24/2023,09/22/2023,09/22/2023,06/07/2023,,,,07/15/2025,07/23/2025,07/23/2025,07/23/2025,,,Not Needed,HRR Cost Approved,,,05/20/2025,05/20/2025,06/06/2025,06/06/2025,,,,,,,12/03/2025,01/16/2026,01/04/2026,01/16/2026,,,,,,,,,Windloading - use 120 inches,02/12/2026,Pass,,,,,04/03/2026,04/03/2026,COMPLETED,,No,,,Yes,Diesel,,,,04/03/2026,04/03/2026,11/30/2025,,,,,,,,,,MICROWAVE,07/13/2026,RFP / RFI Posted,,,ACTIVE,,ACTIVE,INACTIVE,N/A,Yes,,,,,,,,,,,10,12/31/2027,ATC,Grider Hill,209166,5000168891,679802,36.811389,-85.129722,,,Wehsollek Alyson,Kashima Milton,milton.kashima@verizonwireless.com,kenneth.parker@verizonwireless.com,Cox Renee,renee.cox@verizonwireless.com,Palanjian Anna,anna.palanjian@verizonwireless.com,Straight Jackie,jackie.straight@verizonwireless.com,Mendoza Maryset,maryset.mendoza@verizonwireless.com,Belcher Steven,Sharp Jared,Knox Christopher,christopher.knox@verizonwireless.com,,,Collins David,Kunz Dale,Obrien Jason,,"GLAUS PYLE SCHOMER BURNS & DEHAVEN, TILLMAN INFRASTRUCTURE LLC",TOWER ENGINEERING SOLUTIONS LLC,G2 CONSULTING GROUP LLC,TRILEAF,299.0,1.0,Clinton,- | HRR | MDG# 5000168891 | NG# 209166 | T:10 | BTS,617361610,Colocation,CK Grider Hill_RELHR,RELHR,2027,36.803602,-85.126786,4290 Grider Hill Dock Rd,Albany,KY,Clinton,783273,42602,11/08/2022,"VZ-00235380.C.9111,VZ-00235380.E.9111",,,,,,,,Next POR,BTS,2026 HRR,Real Estate,HRR,
1 HIGHEST Priority,Parker Kenneth,8153 Sanford Lake RELHR,Active,5000914186,16981969,,2028,,,,,,,,,,,,,,,,,,,,,,,,,,,,,,Back in Search,,,McMillen Peter,SMARTLINK LLC,,,Raw Land,,Maybe,,,09/09/1900,03/05/2026,09/09/1900,,,,,,,,,,,,,,,,,,,,,,,,,,,,,,,,,,,,,,,,,,,,,,,INACTIVE,,,,,,,,,,,,,,,,,,,,,, ,,,,01/01/1900,N/A,,INACTIVE,INACTIVE,,,,,,,,,,,,,9,12/31/2027,ATC,Sanford Lake,104316,5000097595,138985,,,,,Wehsollek Alyson,Kashima Milton,milton.kashima@verizonwireless.com,kenneth.parker@verizonwireless.com,Palanjian Anna,anna.palanjian@verizonwireless.com,Cox Renee,renee.cox@verizonwireless.com,Straight Jackie,jackie.straight@verizonwireless.com,Mendoza Maryset,maryset.mendoza@verizonwireless.com,Mchua Ernesto,,Suhajda Bruce,bruce.suhajda@verizonwireless.com,,,,Ferguson Bryan,Obrien Jason,,MIDWESTERN CONSULTING INC,TOWER ENGINEERING SOLUTIONS LLC,G2 CONSULTING GROUP LLC,TRILEAF,165.0,0.75,Midland,- | HRR | 2024 | GL# 138985 | NG# 104316 | T:9 | BTS,617351547,,SANFORD LAKE_RELHR,RELHR,0,43.680844,-84.358567,,MIDLAND,MI,Midland,763415,48642,08/26/2025,"VZ-00234116.E.9111,VZ-00234116.C.9111",,,,,,,,,Exhaust,,,,
,Parker Kenneth,GN2 Berne RELHR,Active,5000914248,16981968,07/01/2027,2028,,,Berne,Verizon,07/01/2027,,07/01/2027,,,,,,05/03/2027,,,No,08/20/2027,,,,,,,,,,,,,Completed,,Harmoni Tower,"Rodrigues Crystal,Smith Emily","HARMONI TOWERS LLC, TELECAD WIRELESS SITE DESIGN INC",Build to Colocate,COLO,Build to Colocate,03/10/2023,,,03/21/2023,03/23/2023,03/30/2023,04/11/2023,07/01/2024,04/13/2023,,,,06/26/2026,06/30/2026,06/30/2026,06/30/2026,01/01/1900,01/01/1900,Yes,HRR Cost Approved,08/28/2026,,09/08/2025,09/18/2025,10/31/2025,10/09/2025,07/20/2026,,08/28/2026,,12/28/2026,,12/17/2026,,01/28/2027,,03/17/2027,,,,,,,,,,,08/31/2026,,08/03/2026,,,,ACTIVE,,,,,Yes,,,,,06/23/2026,,,,03/19/2027,,,,,,,,,,RFP / RFI Posted,01/01/1900,01/01/1900,N/A,,ACTIVE,INACTIVE,,Yes,,,,,,,,,,,9,12/31/2027,ATC,Berne,265440,5000304724,177038,,,,,Wehsollek Alyson,Kashima Milton,milton.kashima@verizonwireless.com,kenneth.parker@verizonwireless.com,Palanjian Anna,anna.palanjian@verizonwireless.com,Cox Renee,renee.cox@verizonwireless.com,Straight Jackie,jackie.straight@verizonwireless.com,Mendoza Maryset,maryset.mendoza@verizonwireless.com,Garcia Gustavo,Johns Russell,Prather Kim,kim.prather@verizonwireless.com,,,Collins David,Kunz Dale,Obrien Jason,,TELECAD WIRELESS SITE DESIGN INC,TOWER ENGINEERING SOLUTIONS LLC,G2 CONSULTING GROUP LLC,TRILEAF,250.0,1.0,Adams,- | HRR | 2024 | GL# 177038 | NG# 69986 | T:9 | BTS,617351546,Raw Land,GN2 Berne RELHR,RELHR,0,40.669989,-84.942491,est 725 E Parr Rd,Berne,IN,Adams,763476,46711-1270,10/15/2024,"VZ-00234117.E.9148,VZ-00234117.C.9148",,,,,,,,Pipeline,Exhaust,,,,
1 HIGHEST Priority,Parker Kenneth,WS Taylorsville RELHR,Active,5000913449,16974463,06/21/2027,2027,,,,Verizon,06/21/2027,,06/21/2027,,,,,,,,,No,,,,,,,,,,,,,,Completed,,,Marcelletti John,PYRAMID NETWORK SERVICES LLC,Raw Land,RL,Raw Land,12/05/2025,,,12/05/2025,12/17/2025,12/24/2025,12/19/2025,12/19/2025,12/31/2025,,,,01/16/2026,05/06/2026,05/06/2026,05/06/2026,,01/01/1900,Yes,HRR Cost Approved,04/30/2026,,03/26/2026,03/26/2026,05/05/2026,05/05/2026,,,,,,,,,,,,,,,,,,,,,,,,,,,,ACTIVE,,,,,Yes,,,,,,,,,,,,,,,,,SMITHVILLE COMMUNICATIONS INC,,NPV Approved,,,ACTIVE,,ACTIVE,INACTIVE,,Yes,,,,,,,,,,,8,12/31/2027,ATC,taylorsville,38567,5000005747,127943,,,,$14301.13,Wehsollek Alyson,Kashima Milton,milton.kashima@verizonwireless.com,kenneth.parker@verizonwireless.com,Cox Renee,renee.cox@verizonwireless.com,Palanjian Anna,anna.palanjian@verizonwireless.com,Straight Jackie,jackie.straight@verizonwireless.com,Mendoza Maryset,maryset.mendoza@verizonwireless.com,Belcher Steven,,Vatti Babu,babu.vatti@verizonwireless.com,,,Collins David,Kunz Dale,Obrien Jason,,GLAUS PYLE SCHOMER BURNS & DEHAVEN,TOWER ENGINEERING SOLUTIONS LLC,ENVIROBUSINESS INC,ENVIROBUSINESS INC,223.0,0.5,Bartholomew,- | HRR | MDG# 5000005747 | NG# 38567 | T: 8,617343957,Raw Land,WS Taylorsville_RELHR,RELHR,2027,39.294746,-85.94855,W 650 N,Taylorsville,IN,Bartholomew,734115,47201,08/26/2025,"VZ-00235047.C.9096,VZ-00235047.E.9096",,,,,,,,Next POR,Exhaust,,,,
1 HIGHEST Priority,Parker Kenneth,GN Sheridan RELHR,Active,5000913571,16965002,12/17/2026,2027,,,TI-OPP-21153,Tillman,12/17/2026,,12/17/2026,,,,,,,,,Yes,11/28/2026,,,,,,,,,,,,,Completed,,Tilman,Matthews Larry,TILLMAN INFRASTRUCTURE LLC,Build to Colocate,COLO,Build to Colocate,06/27/2023,No,,06/27/2023,04/30/2024,05/07/2024,05/14/2024,05/14/2024,05/14/2024,,,,11/20/2025,05/06/2026,05/06/2026,05/06/2026,,,Yes,HRR Cost Approved,,,12/16/2024,12/16/2024,12/03/2024,12/03/2024,,03/18/2026,,,,09/26/2025,10/15/2025,10/02/2025,12/10/2025,12/17/2025,,,,,,,,,Windloading - use 120 inches,01/21/2026,Pass,,,,,04/02/2026,04/02/2026,COMPLETED,,Yes,,,Yes,Diesel,,,,04/01/2026,04/01/2026,11/30/2025,,,,,,,,,,AT&T,,RFP / RFI Posted,,,ACTIVE,,ACTIVE,INACTIVE,N/A,,,,,,,,,,,,7,12/31/2027,ATC,Sheridan,78403,5000120656,129781,40.141408,-86.241275,,$13973.13,Wehsollek Alyson,Kashima Milton,milton.kashima@verizonwireless.com,kenneth.parker@verizonwireless.com,Cox Renee,renee.cox@verizonwireless.com,Palanjian Anna,anna.palanjian@verizonwireless.com,Straight Jackie,jackie.straight@verizonwireless.com,Mendoza Maryset,maryset.mendoza@verizonwireless.com,Maldonado Jessica,Brian Robbins,Riley Adam,adam.riley@verizonwireless.com,,,Collins David,Kunz Dale,Obrien Jason,,"GLAUS PYLE SCHOMER BURNS & DEHAVEN, TILLMAN INFRASTRUCTURE LLC",TOWER ENGINEERING SOLUTIONS LLC,TRILEAF,TRILEAF,200.0,0.5,Hamilton,- | HRR | 2026 | GL# 129781 | NG# 78403 | T:7 | BTS,617331942,Colocation,GN Sheridan RELHR,RELHR,2027,40.14734,-86.2415,4535 S R 38W,Sheridan,IN,Hamilton,734237,46069,06/10/2024,"VZ-00230240.C.9149,VZ-00230240.E.9149",,,,,,,,Next POR,BTS,2026 HRR,Real Estate,HRR,
1 HIGHEST Priority,Parker Kenneth,8123 HIGHLAND MEADOWS RELHR,Active,5000913580,16964993,05/31/2027,2028,,,MI-4275 Highland Meadows RELHR,APC,05/31/2027,,05/31/2027,,,,,,04/23/2027,,,No,,,,,,,,,,,,,,Completed,,APC Towers,Rodriguez Amy,"APC TOWERS LLC, TELECAD WIRELESS SITE DESIGN INC",Build to Colocate,COLO,Build to Colocate,03/30/2026,,,03/30/2026,03/30/2026,04/06/2026,03/30/2026,03/30/2026,,,,,06/16/2026,05/18/2026,,,01/01/1900,01/01/1900,Not Needed,HRR Cost Approved,07/27/2026,,07/31/2026,,08/12/2026,,,,08/14/2026,,12/18/2026,,09/28/2026,,10/16/2026,,11/13/2026,,,,,,,,,,,08/14/2026,,10/09/2026,,,,ACTIVE,,,,,,,,,,,,,,12/18/2026,,,,,,,, ,,,,01/01/1900,N/A,,ACTIVE,INACTIVE,,,,,,,,,,,,,7,12/31/2027,ATC,HIGHLAND MEADOWS,244827,5000006838,228186,,,,,Wehsollek Alyson,Kashima Milton,milton.kashima@verizonwireless.com,kenneth.parker@verizonwireless.com,Palanjian Anna,anna.palanjian@verizonwireless.com,Cox Renee,renee.cox@verizonwireless.com,Straight Jackie,jackie.straight@verizonwireless.com,Mendoza Maryset,maryset.mendoza@verizonwireless.com,Raikhal Neal,,Haddad Gabriel,gabriel.haddad@verizonwireless.com,,,Meyer Taylor,Laura Christensen,Obrien Jason,,TELECAD WIRELESS SITE DESIGN INC,TOWER ENGINEERING SOLUTIONS LLC,G2 CONSULTING GROUP LLC,TRILEAF,140.0,0.5,Monroe,- | HRR | 2025 | GL# 228186 | NG# 82088 | T:7 | BTS,617331928,Raw Land,HIGHLAND MEADOWS_RELHR,RELHR,0,41.73185,-83.694676,6408 Sylvania Petersburg Road,Ottawa Lake,MI,Monroe,734246,49267,08/26/2025,"VZ-00235088.C.9111,VZ-00235088.E.9111",,,,,,,,Pipeline,Exhaust,,,,
1 HIGHEST Priority,Parker Kenneth,8082 PETOSKEY II RELHR,Active,5000920996,16957969,05/31/2027,2027,,,,McDonald Gruber,05/31/2027,,05/31/2027,,,,,,,,,No,,,,,,,,,,,,,,Completed,,,Rodriguez Amy,TELECAD WIRELESS SITE DESIGN INC,Colocation,COLO,Co-Location,09/30/2025,,,10/21/2025,10/22/2025,10/29/2025,11/17/2025,11/17/2025,11/24/2025,,,,05/11/2026,12/08/2025,,,,,Yes,HRR Cost Approved,,,,,,,,,,,,,,,,,,,,,,,,,,,,,,,,,,ACTIVE,,,,,Yes,,,,,,,,,,,,,,,,,PENINSULA FIBER NETWORK LLC,,RFP / RFI Posted,,,ACTIVE,,ACTIVE,INACTIVE,,,,,,,,,,,,,7,12/31/2027,ATC,Petoskey,88045,5000095295,225969,,,,,Wehsollek Alyson,Kashima Milton,milton.kashima@verizonwireless.com,kenneth.parker@verizonwireless.com,Palanjian Anna,anna.palanjian@verizonwireless.com,Cox Renee,renee.cox@verizonwireless.com,Straight Jackie,jackie.straight@verizonwireless.com,Mendoza Maryset,maryset.mendoza@verizonwireless.com,Brennecke Phillip,,Peters Troy A,troy.peters@verizonwireless.com,,,Meyer Taylor,Laura Christensen,Obrien Jason,,TELECAD WIRELESS SITE DESIGN INC,TOWER ENGINEERING SOLUTIONS LLC,G2 CONSULTING GROUP LLC,TRILEAF,500.0,1.0,Emmet,- | HRR | MDG# 5000095295 | NG# 88045 | T: 7,617321877,Colocation,PETOSKEYII-L_RELHR,RELHR,2027,45.321369,-84.875859,3877 Krause Road,Petoskey,MI,Emmet,784010,49770,08/26/2025,"VZ-00230336.C.9111,VZ-00230336.E.9111",,,,,,,,Next POR,Exhaust,,Reg & RE,,
1 HIGHEST Priority,Parker Kenneth,8085 REED CITY BALDWIN RELHR,Completed,5000920999,16957391,02/23/2026,2026,POR,,TI-OPP-21159,Tillman,02/23/2026,02/25/2026,02/20/2026,25340439.20,,,,,,,Yes,Yes,02/20/2026,02/23/2026,02/20/2026,02/23/2026,,,,,,,02/25/2026,17680364,,Completed,,Tilman,Matthews Larry,TILLMAN INFRASTRUCTURE LLC,Build to Colocate,COLO,Build to Colocate,12/20/2022,No,,12/20/2022,01/04/2023,01/11/2023,01/17/2023,05/01/2023,01/25/2023,,,,06/05/2025,08/26/2025,04/17/2025,08/26/2025,,,Yes,HRR Cost Approved,,,03/31/2023,03/31/2023,03/30/2023,03/30/2023,,04/17/2025,,,,12/19/2024,10/19/2023,10/19/2023,01/24/2025,01/24/2025,02/13/2025,02/06/2025,02/06/2025,02/07/2025,02/07/2025,02/12/2025,02/12/2025,Pass,Windloading - use 120 inches,02/07/2025,Pass,,,,,04/07/2025,04/07/2025,COMPLETED,,No,VORTEX GROUP HOLDINGS INCVORTEX CONSTRUCTION,"Como Christopher,Lowery Philip,Wiltshire Brent",Yes,Diesel,04/18/2025,05/22/2025,05/22/2025,10/20/2023,10/20/2023,,,04/25/2025,,04/17/2025,05/07/2025,,,,,AT&T,10/21/2024,Contract Executed,,06/15/2026,COMPLETED,05/07/2025,COMPLETED,COMPLETED,"CX / Tree Clearing/Trimming Restriction Dates: CX will occur Entirely in the EMR Inactive Season from 10/02 through 04/30 / All Tree Cutting/Trimming, Prescribed Fire, and/or Pesticide Application will occur OUTSIDE the Non-Volant (""pup"") Season for Bat (that is, No Cutting/Trimming, Prescribed Fire, or Pesticide Application during 06/01 through 07/31)",Yes - 90 Days,09/05/2023,09/22/2023,Permitting 30 days,04/07/2025,03/10/2025,04/07/2025,06/05/2025,06/12/2026,06/16/2026,,6,12/31/2027,ATC,REEDCITYBALDWIN,90121,5000097600,207885,43.900583,-85.759583,,$11085.92,Wehsollek Alyson,Kashima Milton,milton.kashima@verizonwireless.com,kenneth.parker@verizonwireless.com,Palanjian Anna,anna.palanjian@verizonwireless.com,Cox Renee,renee.cox@verizonwireless.com,Straight Jackie,jackie.straight@verizonwireless.com,Mendoza Maryset,maryset.mendoza@verizonwireless.com,Mchua Ernesto,,Korry Bedore,korry.bedore@verizonwireless.com,,,Dale Rathbun Ii,Laura Christensen,Obrien Jason,,"GLAUS PYLE SCHOMER BURNS & DEHAVEN, TILLMAN INFRASTRUCTURE LLC",TOWER ENGINEERING SOLUTIONS LLC,"ENVIROBUSINESS INC, TRILEAF",TRILEAF,250.0,0.75,Lake,- | HRR | 2025 | GL# 207885 | NG# 90121 | T:6 | BTS,617321067,Colocation,REED CITY BALDWIN_RELHR,RELHR,2026,43.89854889,-85.76296444,6181 S Nelson Rd,Idlewild,MI,Lake,784013,49642,11/16/2022,"VZ-00235345.E.9165,VZ-00235345.C.9165",,,,,,,,Completed,BTS,2026 HRR,On Air,HRR,VORTEX GROUP HOLDINGS INCVORTEX CONSTRUCTION (5000023810)
1 HIGHEST Priority,Parker Kenneth,GN2 Rockhill Park RELHR,Active,5000913548,16956600,06/30/2026,2026,POR,,TI-OPP-21164,Tillman,06/30/2026,06/30/2026,05/22/2026,13278804.96,,,,,,,Yes,Yes,08/13/2026,07/02/2026,08/13/2026,07/06/2026,,,,,,,06/30/2026,17728209,,Completed,,Tilman,Matthews Larry,TILLMAN INFRASTRUCTURE LLC,Build to Colocate,COLO,Build to Colocate,11/20/2022,Yes,Approved,11/20/2022,11/21/2022,,12/12/2022,12/12/2022,,,,,04/08/2024,01/23/2025,11/04/2024,01/23/2025,,,Yes,HRR Cost Approved,,,03/31/2023,03/31/2023,03/01/2023,03/01/2023,04/01/2024,04/12/2025,,,,10/24/2024,01/02/2024,01/02/2024,04/15/2024,04/15/2024,,05/16/2024,01/31/2025,01/31/2025,02/04/2025,02/26/2025,02/13/2025,Pass,Windloading - use 120 inches,05/13/2024,Pass,,,,,05/08/2025,05/08/2025,COMPLETED,"05/08/2025, 04/02/2025",Yes,HEIGHTS TOWER SERVICE INC,Mason Kevin,Yes,Diesel,05/30/2025,06/20/2025,06/20/2025,10/29/2024,10/29/2024,07/30/2025,,03/28/2025,,06/29/2026,05/06/2025,,,,,FRONTIER,04/18/2023,Contract Complete,,,ACTIVE,05/06/2025,COMPLETED,COMPLETED,"Tree Clearing Restriction: Tree Clearing will Only Occur Between 10/01 through 03/31 / All Equipment Needs to be Elevated 7.6FT Above the Ground Surface (Note: SS, Other, Water)",,01/10/2025,02/12/2025,Permitting 30 days,01/09/2026,12/05/2025,01/13/2026,02/18/2026,09/11/2026,,,7,12/31/2027,ATC,GN2 Rockhill Park,68797,5000380335,129944,41.0706,-85.1775,,,Wehsollek Alyson,Kashima Milton,milton.kashima@verizonwireless.com,kenneth.parker@verizonwireless.com,Cox Renee,renee.cox@verizonwireless.com,Palanjian Anna,anna.palanjian@verizonwireless.com,Straight Jackie,jackie.straight@verizonwireless.com,Mendoza Maryset,maryset.mendoza@verizonwireless.com,Garcia Gustavo,Maldonado Jessica,Prather Kim,kim.prather@verizonwireless.com,,,Collins David,Kunz Dale,Obrien Jason,,"GLAUS PYLE SCHOMER BURNS & DEHAVEN, TILLMAN INFRASTRUCTURE LLC",TOWER ENGINEERING SOLUTIONS LLC,TRILEAF,TRILEAF,150,0.5,Allen,- | HRR | MDG# 5000380335 | NG# 68797 | T:7 | BTS,617319907,Colocation,GN2 Rockhill Park RELHR,RELHR,2026,41.06893333,-85.17588611,2732 Culbertson Street,Fort Wayne,IN,Allen,734214,46802,09/01/2022,"VZ-00234148.C.9148,VZ-00234148.E.9148",,,,,,,,POR,BTS,2026 HRR,Construction,HRR,HEIGHTS TOWER SERVICE INC (5000006492)
1 HIGHEST Priority,Parker Kenneth,8102 FENWICK RELHR,Completed,5000921020,16956321,03/27/2026,2026,POR,,TI-OPP-23669,Tillman,03/27/2026,03/05/2026,03/05/2026,16691164.22,,,,,,,Yes,Yes,03/05/2026,03/05/2026,03/05/2026,03/05/2026,,,,,,,03/05/2026,17679152,,Completed,,Tilman,Matthews Larry,TILLMAN INFRASTRUCTURE LLC,Build to Colocate,COLO,Build to Colocate,03/21/2023,No,,03/21/2023,03/23/2023,,04/04/2023,09/11/2023,04/13/2023,,,,05/08/2025,08/06/2025,08/06/2025,08/06/2025,,,Yes,HRR Cost Approved,01/01/1900,01/01/1900,02/09/2024,01/31/2024,03/11/2024,03/11/2024,,08/14/2025,,,,02/28/2025,02/13/2025,02/13/2025,04/18/2025,04/18/2025,05/05/2025,05/08/2025,05/08/2025,05/09/2025,05/13/2025,05/19/2025,05/19/2025,Pass,Windloading - use 120 inches,05/08/2025,Pass,,,,,07/09/2025,07/09/2025,COMPLETED,,Yes,SKYTOWER LLC,McDonald Jake,Yes,Diesel,,08/14/2025,08/14/2025,04/10/2025,04/10/2025,01/01/1900,,10/17/2025,,10/13/2025,01/05/2026,,,,,PENINSULA FIBER NETWORK LLC,02/06/2025,Contract Executed,,06/23/2026,COMPLETED,01/05/2026,COMPLETED,COMPLETED,"Tree Cutting/Trimming Restriction: All Tree Cutting/Trimming, Prescribed Fire, and/or Insecticide/Rodenticide Application WILL OCCUR OUTSIDE the Non-Volant (""pup"") Season for Listed Bats (06/01 through 07/31)",,01/06/2025,01/13/2025,,07/03/2025,05/19/2025,07/03/2025,04/21/2026,06/12/2026,06/15/2026,,6,12/31/2027,ATC,Fenwick,93103,5000021111,206710,43.17675,-85.094639,,$10971.45,Wehsollek Alyson,Kashima Milton,milton.kashima@verizonwireless.com,kenneth.parker@verizonwireless.com,Palanjian Anna,anna.palanjian@verizonwireless.com,Cox Renee,renee.cox@verizonwireless.com,Straight Jackie,jackie.straight@verizonwireless.com,Mendoza Maryset,maryset.mendoza@verizonwireless.com,Brennecke Phillip,,Cady Paul,paul.cady2@verizonwireless.com,,,Meyer Taylor,Laura Christensen,Obrien Jason,,MIDWESTERN CONSULTING INC,TOWER ENGINEERING SOLUTIONS LLC,TRILEAF,TRILEAF,300.0,1.0,Montcalm,- | HRR | 2024 | GL# 206710 | NG# 93103 | T:6 | BTS,617319331,Raw Land,FENWICK_RELHR,RELHR,2026,43.18343,-85.09223528,7643 S Brown Rd,Sheridan,MI,Montcalm,784032,48884,11/16/2022,"VZ-00235359.C.9165,VZ-00235359.E.9165",,,,,,,,Completed,BTS,2026 HRR,On Air,HRR,SKYTOWER LLC (5000020303)
1 HIGHEST Priority,Parker Kenneth,WS Versailles RELHR,Active,5000913559,16902330,05/28/2027,2027,,,,Verizon,05/28/2027,,05/28/2027,,,,,,,,N/A,No,,,,,,,,,,,,,,Completed,,,Marcelletti John,PYRAMID NETWORK SERVICES LLC,Raw Land,RL,Raw Land,08/29/2025,,,08/14/2025,09/02/2025,09/09/2025,09/02/2025,09/02/2025,09/16/2025,,,,09/03/2025,09/05/2025,09/05/2025,09/05/2025,,01/01/1900,Not Needed,HRR Cost Approved,03/30/2026,,03/26/2026,03/26/2026,,,,,,,,,,,,,,,,,,,,,,,,,,,,,,ACTIVE,,,,,Yes,,,,,,,,,,,,,,,,,PENDING VENDOR REVIEW,,RFP / RFI Posted,,,ACTIVE,,ACTIVE,INACTIVE,,Yes,,,,,,,,,,,4,12/31/2027,ATC,WSVersailles,73482,5000302442,128052,,,,,Wehsollek Alyson,Kashima Milton,milton.kashima@verizonwireless.com,kenneth.parker@verizonwireless.com,Palanjian Anna,anna.palanjian@verizonwireless.com,Cox Renee,renee.cox@verizonwireless.com,Straight Jackie,jackie.straight@verizonwireless.com,Mendoza Maryset,maryset.mendoza@verizonwireless.com,Belcher Steven,,Ramirez Abundis Hector,hector.rodrigo.abundis@verizonwireless.com,,,Collins David,Kunz Dale,Obrien Jason,,GLAUS PYLE SCHOMER BURNS & DEHAVEN,TOWER ENGINEERING SOLUTIONS LLC,ENVIROBUSINESS INC,ENVIROBUSINESS INC,280.0,1.0,Ripley,- | HRR | MDG# 5000302442 | NG# 73482 | T: 4,617251360,Raw Land,WS Versailles RELHR,RELHR,2027,39.023683,-85.280452,3412 S US HWY 421,Versailles,IN,Ripley,734225,47042,08/26/2025,"VZ-00234131.E.9096,VZ-00234131.C.9096",,,,,,,,Next POR,Exhaust,,Reg & RE,,
1 HIGHEST Priority,Parker Kenneth,8059 Azalia RELHR,Active,5000903074,16900725,09/30/2026,2027,,,TI-OPP-21155,Tillman,09/30/2026,,12/25/2026,12084999.73,,,,,,,,Yes,09/30/2026,,09/30/2026,,,,,,,,,,,Completed,,Tilman,Matthews Larry,TILLMAN INFRASTRUCTURE LLC,Build to Colocate,COLO,Build to Colocate,09/09/2024,No,,09/09/2024,09/09/2024,09/09/2024,09/09/2024,09/09/2024,,,,,04/20/2026,04/23/2025,04/23/2025,,,,Yes,HRR Cost Approved,01/01/1900,01/01/1900,11/18/2022,12/29/2022,12/30/2022,12/30/2022,,,,,,,12/08/2023,12/08/2023,04/26/2024,04/24/2024,,02/07/2025,,01/16/2025,01/23/2025,02/21/2025,02/14/2025,Pass,Windloading - use 120 inches,06/05/2024,Pass,,,,,07/21/2025,07/21/2025,COMPLETED,,Yes,,,Yes,Diesel,,08/11/2025,08/11/2025,08/14/2026,,,,,,,,,,,,EVERSTREAM,03/25/2024,Contract Executed,01/01/1900,,ACTIVE,,ACTIVE,INACTIVE,"(Note: SE, SS, Water, Other)",,05/17/2024,,Permitting 30 days,07/10/2026,,,,,,,3,12/31/2027,ATC,Azalia,89281,5000023953,237517,42.044486,-83.672686,,$11187.74,Wehsollek Alyson,Kashima Milton,milton.kashima@verizonwireless.com,kenneth.parker@verizonwireless.com,Palanjian Anna,anna.palanjian@verizonwireless.com,Cox Renee,renee.cox@verizonwireless.com,Straight Jackie,jackie.straight@verizonwireless.com,Mendoza Maryset,maryset.mendoza@verizonwireless.com,Raikhal Neal,,Haddad Gabriel,gabriel.haddad@verizonwireless.com,,,Meyer Taylor,Butt Atif,Obrien Jason,,TILLMAN INFRASTRUCTURE LLC,TOWER ENGINEERING SOLUTIONS LLC,TRILEAF,TRILEAF,195.0,1.0,Monroe,- | HRR | MDG# 5000007901 | NG# 244312 | T:3 | BTS,617249249,Colocation,Azalia_RELHR,RELHR,2027,42.01882,-83.65505,15330 Ostrander Road,Milan,MI,Monroe,716891,48159,05/20/2022,"VZ-00228696.E.9111,VZ-00228696.C.9111",,,,,,,,Next POR,BTS,2026 watch,Real Estate,HRR,
1 HIGHEST Priority,Parker Kenneth,EV Folsomdale RELHR,Active,5000899198,16877007,12/31/2026,2027,,,,Verizon,12/31/2026,,12/31/2026,2343905.58,,,,,,,,No,12/31/2026,,08/28/2026,,,,,,,,,,,Completed,,,Marcelletti John,PYRAMID NETWORK SERVICES LLC,Raw Land,RL,Raw Land,06/09/2022,Yes,Approved,06/09/2022,06/26/2022,06/27/2022,06/27/2022,09/09/2024,,,,,03/21/2025,06/25/2025,06/25/2025,06/25/2025,,01/01/1900,,,,,,,,,,04/15/2026,,,,,,,,,,,,03/13/2026,03/18/2026,03/26/2026,03/23/2026,Pass,,,,,,,,09/09/1900,09/09/1900,REJECTED,"05/20/2026, 05/14/2026",Yes,,,Yes,Diesel,,,,,07/18/2025,,,,,04/15/2026,,,,,,AT&T,03/29/2023,Contract Complete,,,ACTIVE,,ACTIVE,COMPLETED,N/A,Yes,,,yes 6090 days for permitting and good for 1 year,,,,,09/27/2026,,,Not a Tillman Project (3rd Party SAC),08/31/2031,Crown Castle,Folsomdale,38618,5000307418,128433,36.898147,-88.675622,,,Wehsollek Alyson,Kashima Milton,milton.kashima@verizonwireless.com,kenneth.parker@verizonwireless.com,Cox Renee,renee.cox@verizonwireless.com,Cox Renee,renee.cox@verizonwireless.com,Straight Jackie,jackie.straight@verizonwireless.com,Mendoza Maryset,maryset.mendoza@verizonwireless.com,Polly Jimmy,,Legue Erick,erick.legue@verizonwireless.com,,,Collins David,Kunz Dale,Obrien Jason,,TELECAD WIRELESS SITE DESIGN INC,TOWER ENGINEERING SOLUTIONS LLC,,ENVIROBUSINESS INC,352.0,0.75,Graves,- | HRR | MDG# 5000275476 | NG# 29798 | T:N | Collocation,617218523,Raw Land,EV Folsomdale RELHR,RELHR,2027,36.906365,-88.674037,50 Baldree Rd East,Boaz,KY,Graves,713203,42027,02/25/2022,"VZ-00270584.E.9252,VZ-00270584.C.9252",,,,,,,,Next POR,,2026 watch,Real Estate,HRR,
